7e1wB01	7e1wB01
7qssA01	7qssA01
8b6jb01	8b6jb01
8p4iG01	8p4iG01
7bjtA01	7bjtA01
7ekoO01	7ekoO01
7wdtA02	7wdtA02
8eefB01	8eefB01
1a39A00	1a39A00
1b65A00	1b65A00
1c8dA00	1c8dA00
1ddqC02	1ddqC02
1e3dB00	1e3dB00
1epwA02	1epwA02
1ffvC03	1ffvC03
1g9gA02	1g9gA02
1hi8A04	1hi8A04
1i6vA02	1i6vA02
1j2zA02	1j2zA02
1jg5A00	1jg5A00
1kicB00	1kicB00
1lkfA00	1lkfA00
1nogA00	1nogA00
1p49A01	1p49A01
1q7fB00	1q7fB00
1rozB00	1rozB00
1sva400	1sva400
1tmxB00	1tmxB00
1uurA04	1uurA04
1vq8X00	1vq8X00
1wqlA01	1wqlA01
1yk3B00	1yk3B00
2a74A06	2a74A06
2bvfA03	2bvfA03
2dhhA05	2dhhA05
2g2cA00	2g2cA00
2hr7B01	2hr7B01
2irvB00	2irvB00
2nooA02	2nooA02
2o5cB02	2o5cB02
2pggA01	2pggA01
2q83A02	2q83A02
2ruhA00	2ruhA00
2we2A01	2we2A01
2x27X00	2x27X00
2zgiD02	2zgiD02
3ayfA01	3ayfA01
3bv6A00	3bv6A00
3d7jA00	3d7jA00
3eckA03	3eckA03
3gqnA03	3gqnA03
3i5dA02	3i5dA02
3kn6A01	3kn6A01
3lzkB00	3lzkB00
3nf2A00	3nf2A00
3pnxA00	3pnxA00
3srtA00	3srtA00
3v6zE00	3v6zE00
3zgzD01	3zgzD01
4aybB05	4aybB05
4bouA00	4bouA00
4do3A00	4do3A00
4epaA00	4epaA00
4ga4A01	4ga4A01
4iljA01	4iljA01
4kvkA00	4kvkA00
4nqwA01	4nqwA01
4uf0A03	4uf0A03
4xk8d00	4xk8d00
5aycA00	5aycA00
5dmsA02	5dmsA02
5fqdB01	5fqdB01
5m88A01	5m88A01
5ukgA01	5ukgA01
6aefA01	6aefA01
6ethA04	6ethA04
6mjgA01	6mjgA01
6sj5A01	6sj5A01
7bjtA01	7bjtA01
7jv7B01	7jv7B01
7wdtA02	7wdtA02
8etcR01	8etcR01
1a39A00	1a39A00
1b65A00	1b65A00
1c8dA00	1c8dA00
1ddqC02	1ddqC02
1e3dB00	1e3dB00
1epwA02	1epwA02
1ffvC03	1ffvC03
1g9gA02	1g9gA02
1hkgA03	1hkgA03
1i71A00	1i71A00
1j2zA02	1j2zA02
1jj2A03	1jj2A03
1kicB00	1kicB00
1lkfA00	1lkfA00
1nogA00	1nogA00
1p49A01	1p49A01
1q7fB00	1q7fB00
1rsgB02	1rsgB02
1sva400	1sva400
1tmxB00	1tmxB00
1uurA04	1uurA04
3o8jA01	3o8jA01
3pwxA01	3pwxA01
3rgzA01	3rgzA01
3thxB03	3thxB03
3vf2A03	3vf2A03
4a17J00	4a17J00
4b28A01	4b28A01
4c4aA04	4c4aA04
4e5sA02	4e5sA02
4fajA01	4fajA01
4gqaB02	4gqaB02
4jmdA00	4jmdA00
4l8kA01	4l8kA01
4qbnA00	4qbnA00
4v19F00	4v19F00
4z9eA00	4z9eA00
5b1aG00	5b1aG00
5e4bA00	5e4bA00
5hpsA01	5hpsA01
5omvA01	5omvA01
5y5sH02	5y5sH02
6cazA00	6cazA00
6gyyA00	6gyyA00
6o3bH00	6o3bH00
6vvoC03	6vvoC03
7dpiB01	7dpiB01
7nnlB01	7nnlB01
7xffF01	7xffF01
8iprA01	8iprA01
1aorA01	1aorA01
1bo1A02	1bo1A02
1chhA00	1chhA00
1dmxA00	1dmxA00
1e6dM01	1e6dM01
1eysC02	1eysC02
1fm2B03	1fm2B03
1gmuA02	1gmuA02
1hq6B00	1hq6B00
1i7qA00	1i7qA00
1j5sA02	1j5sA02
1ka2A00	1ka2A00
1kplA00	1kplA00
1maeL00	1maeL00
1ogoX02	1ogoX02
1pbwB00	1pbwB00
1qynD00	1qynD00
1rv0H01	1rv0H01
1tbpA01	1tbpA01
1u9tA01	1u9tA01
1vkpB00	1vkpB00
1vwxS01	1vwxS01
1xdyG00	1xdyG00
1z8fA02	1z8fA02
2ahuA01	2ahuA01
2cjaA02	2cjaA02
2efkA01	2efkA01
2gttC01	2gttC01
2iaiA02	2iaiA02
2j63A00	2j63A00
2nrjA01	2nrjA01
2osoA00	2osoA00
2pn1A03	2pn1A03
2qkwB02	2qkwB02
2vfbA01	2vfbA01
2wscL00	2wscL00
2y4zA00	2y4zA00
2zxeA02	2zxeA02
3b7sA02	3b7sA02
3c7vB01	3c7vB01
3devA02	3devA02
3fq3A00	3fq3A00
3h0gE01	3h0gE01
3iqdB02	3iqdB02
3l20A00	3l20A00
3mdoA02	3mdoA02
3o8jA01	3o8jA01
3pwxA01	3pwxA01
3rmxA02	3rmxA02
3tufB00	3tufB00
3vf2A03	3vf2A03
4a17J00	4a17J00
4b28A02	4b28A02
4c4aA04	4c4aA04
4e5sA02	4e5sA02
4fajA02	4fajA02
4gqaB02	4gqaB02
4jmdA00	4jmdA00
4l8kA01	4l8kA01
4qg3A01	4qg3A01
4v19F00	4v19F00
4zi6C01	4zi6C01
5b1aG00	5b1aG00
5e4bA00	5e4bA00
5hpsA01	5hpsA01
5oomT00	5oomT00
5y5sH02	5y5sH02
6cazA00	6cazA00
6gyyA00	6gyyA00
6o3bH00	6o3bH00
6wl5A01	6wl5A01
3oeeP02	3oeeP02
3qaeA01	3qaeA01
3rmxA02	3rmxA02
3tw6C02	3tw6C02
3vqjA00	3vqjA00
4a18L02	4a18L02
4b28A02	4b28A02
4c9bB00	4c9bB00
4efiA00	4efiA00
4fb9A02	4fb9A02
4griA03	4griA03
4jmdA00	4jmdA00
4l9mA02	4l9mA02
4qzvB02	4qzvB02
4v1ab01	4v1ab01
5a0zD00	5a0zD00
5b46A01	5b46A01
5ex0A01	5ex0A01
5hzzC00	5hzzC00
5t17A00	5t17A00
5yh1A01	5yh1A01
6dlyA03	6dlyA03
6gyzA03	6gyzA03
6oqrR00	6oqrR00
6x6uA02	6x6uA02
7du3B01	7du3B01
7qssA01	7qssA01
8b6jb01	8b6jb01
8p4iG01	8p4iG01
1ap8A00	1ap8A00
1bo7A00	1bo7A00
1crkA02	1crkA02
1dwnA00	1dwnA00
1e7uA04	1e7uA04
1ez0B01	1ez0B01
1fod100	1fod100
1gu9C00	1gu9C00
1hqmD05	1hqmD05
1i7qA00	1i7qA00
1jb0A00	1jb0A00
1ka2A00	1ka2A00
1kshB00	1kshB00
1mg7A02	1mg7A02
1ogoX02	1ogoX02
1pcpA01	1pcpA01
1r3eA01	1r3eA01
1sigA00	1sigA00
1te5A00	1te5A00
1ub1A00	1ub1A00
1vkpB00	1vkpB00
1vx7K01	1vx7K01
1y1fX00	1y1fX00
1znvA00	1znvA00
2au3A03	2au3A03
2cjaA02	2cjaA02
2efkA01	2efkA01
2h21B01	2h21B01
2ig6A00	2ig6A00
2l3fA00	2l3fA00
2nvuC01	2nvuC01
2owmA00	2owmA00
2ppwA00	2ppwA00
2qlkA00	2qlkA00
2vlqB00	2vlqB00
2wtgA00	2wtgA00
2yimA02	2yimA02
3af5A02	3af5A02
3b8oA01	3b8oA01
3cjsC00	3cjsC00
3dmeA01	3dmeA01
3g0mA00	3g0mA00
3hd6A00	3hd6A00
3jamI03	3jamI03
3l4gB02	3l4gB02
3mezD00	3mezD00
3oeeP02	3oeeP02
3qaeA01	3qaeA01
3rv1B02	3rv1B02
3tw6C02	3tw6C02
3vqjA00	3vqjA00
4a5hA00	4a5hA00
4b2jA00	4b2jA00
4c9bB00	4c9bB00
4efiA00	4efiA00
4fb9A02	4fb9A02
4gwmB03	4gwmB03
4k71A06	4k71A06
4l9mA02	4l9mA02
4qzvB02	4qzvB02
4v1ab01	4v1ab01
5a0zD00	5a0zD00
5b46A01	5b46A01
5ex0A01	5ex0A01
5i2cA01	5i2cA01
5t17A00	5t17A00
5yh1A01	5yh1A01
6dlyA03	6dlyA03
6hqfB03	6hqfB03
6ospA01	6ospA01
6x6uA02	6x6uA02
3nf2A00	3nf2A00
3pnxA00	3pnxA00
3rf7A02	3rf7A02
3sqgA01	3sqgA01
3v69B00	3v69B00
3zgzD01	3zgzD01
4at7B01	4at7B01
4bn4A02	4bn4A02
4do3A00	4do3A00
4epaA00	4epaA00
4g3hC00	4g3hC00
4iljA01	4iljA01
4kvkA00	4kvkA00
4nbiB00	4nbiB00
4udqA02	4udqA02
4xk8d00	4xk8d00
5aycA00	5aycA00
5dllA05	5dllA05
5fj8A06	5fj8A06
5kshB01	5kshB01
5ukgA01	5ukgA01
6aefA01	6aefA01
6ekzA00	6ekzA00
6mjgA01	6mjgA01
6rwk001	6rwk001
7bjtA01	7bjtA01
7ekoO01	7ekoO01
7wdtA02	7wdtA02
8eefB01	8eefB01
1a39A00	1a39A00
1b65A00	1b65A00
1c8dA00	1c8dA00
1ddqC02	1ddqC02
1e3dB00	1e3dB00
1epwA02	1epwA02
1ff3A00	1ff3A00
1fv1B01	1fv1B01
1hbmA03	1hbmA03
1i6vA02	1i6vA02
1iwpG02	1iwpG02
1jg5A00	1jg5A00
1khoA01	1khoA01
1lkfA00	1lkfA00
1nhlA00	1nhlA00
1p49A01	1p49A01
1q7fB00	1q7fB00
1rozB00	1rozB00
1sva400	1sva400
1tmxB00	1tmxB00
1ulvA01	1ulvA01
1vq8W02	1vq8W02
1wqlA01	1wqlA01
1yk3B00	1yk3B00
2a6hC04	2a6hC04
2bvfA03	2bvfA03
2dhhA05	2dhhA05
2fy9A00	2fy9A00
2hr7B01	2hr7B01
2irvB00	2irvB00
2nooA02	2nooA02
2o5cB02	2o5cB02
2pggA01	2pggA01
2q83A02	2q83A02
2ruhA00	2ruhA00
2we2A01	2we2A01
2x27X00	2x27X00
2zgiD02	2zgiD02
3ayfA01	3ayfA01
3bv6A00	3bv6A00
3d7jA00	3d7jA00
3e4wA02	3e4wA02
3gqnA03	3gqnA03
3hzhB00	3hzhB00
3kiuy00	3kiuy00
3lzkB00	3lzkB00
3nf2A00	3nf2A00
3pnxA00	3pnxA00
3rgzA01	3rgzA01
3srtA00	3srtA00
3v69B00	3v69B00
3zgzD01	3zgzD01
4at7B01	4at7B01
4bn4A02	4bn4A02
4do3A00	4do3A00
4epaA00	4epaA00
4g3hC00	4g3hC00
4iljA01	4iljA01
4kvkA00	4kvkA00
4nqwA01	4nqwA01
4udqA02	4udqA02
4xk8d00	4xk8d00
5aycA00	5aycA00
5dllA05	5dllA05
5fj8A06	5fj8A06
5kshB01	5kshB01
5ukgA01	5ukgA01
6aefA01	6aefA01
6escA05	6escA05
6mjgA01	6mjgA01
6sj5A01	6sj5A01
153lA00	153lA00
1ap8A00	1ap8A00
1bo7A00	1bo7A00
1crkA02	1crkA02
1e0tA03	1e0tA03
1eakA01	1eakA01
1ez0B01	1ez0B01
1fod100	1fod100
1gu9C00	1gu9C00
1hqmD05	1hqmD05
1i7qA00	1i7qA00
1jb0A00	1jb0A00
1ka2A00	1ka2A00
1kshB00	1kshB00
1mgrA00	1mgrA00
1ogoX02	1ogoX02
1phzA00	1phzA00
1r3eA01	1r3eA01
1sigA00	1sigA00
1te5A00	1te5A00
1ub1A00	1ub1A00
1vkpB00	1vkpB00
1w36C04	1w36C04
1y1fX00	1y1fX00
1zruC01	1zruC01
2au3A03	2au3A03
2cjlA02	2cjlA02
2ej8B00	2ej8B00
2h21B01	2h21B01
2ii2A04	2ii2A04
2l3fA00	2l3fA00
2nwlC00	2nwlC00
2owmA00	2owmA00
2ppwA00	2ppwA00
2qlkA00	2qlkA00
2vlqB00	2vlqB00
2wu8A03	2wu8A03
2yimA02	2yimA02
3af5A02	3af5A02
3bczA00	3bczA00
3cjsC00	3cjsC00
3dmeA02	3dmeA02
3g36B00	3g36B00
3hd6A00	3hd6A00
3jamV00	3jamV00
3l4gB02	3l4gB02
3mezD00	3mezD00
3oocA01	3oocA01
3qaeA01	3qaeA01
3rv1B02	3rv1B02
3u13A02	3u13A02
3w4sA00	3w4sA00
4a5hA00	4a5hA00
4b2jA00	4b2jA00
4c9bB00	4c9bB00
4efiA00	4efiA00
4fccA01	4fccA01
4gwmB03	4gwmB03
4k71A06	4k71A06
4l9mA02	4l9mA02
4tpuA02	4tpuA02
4v1ab01	4v1ab01
5a0zD00	5a0zD00
5b46A01	5b46A01
5exeB01	5exeB01
5i2cA01	5i2cA01
5tipA01	5tipA01
5yh1A01	5yh1A01
6duxB02	6duxB02
6hqfB03	6hqfB03
6ospA01	6ospA01
6x6uA02	6x6uA02
7e1wB01	7e1wB01
7qssA01	7qssA01
8b6jb01	8b6jb01
8p4iG01	8p4iG01
153lA00	153lA00
1ap8A00	1ap8A00
1bo7A00	1bo7A00
1crkA02	1crkA02
1e0tA03	1e0tA03
1eakA01	1eakA01
1ez0B01	1ez0B01
1fouA02	1fouA02
1gu9C00	1gu9C00
1hqvA00	1hqvA00
1i7qA00	1i7qA00
1jb0A00	1jb0A00
1khbA01	1khbA01
1l1yA03	1l1yA03
1mgrA00	1mgrA00
1ohgA02	1ohgA02
1phzA00	1phzA00
1r3eA01	1r3eA01
1sigA00	1sigA00
1te5A00	1te5A00
1ub2A01	1ub2A01
1vkpB00	1vkpB00
1w36C04	1w36C04
1y1fX00	1y1fX00
1zruC01	1zruC01
2b2cA01	2b2cA01
2cjlA02	2cjlA02
2cjlA02	1d4m400
2cjlA02	1am2A00
2ej8B00	2ej8B00
2ej8B00	2m9wA00
2h21B01	2h21B01
2ii2A04	2ii2A04
2l3fA00	2l3fA00
2nwlC00	2nwlC00
2owmA00	2owmA00
2ppwA00	2ppwA00
2qm4A01	2qm4A01
2vlqB00	2vlqB00
2wvfA01	2wvfA01
2yu1A02	2yu1A02
3al9A02	3al9A02
3bczA00	3bczA00
3cslA01	3cslA01
3dmeA02	3dmeA02
3g4nA01	3g4nA01
3hd6A00	3hd6A00
3jamV00	3jamV00
3la4A03	3la4A03
3n1sJ00	3n1sJ00
3oocA01	3oocA01
3qaeA01	3qaeA01
3rv1B02	3rv1B02
3u3lC00	3u3lC00
3w4sA00	3w4sA00
4a5hA00	4a5hA00
4b56B03	4b56B03
4c9bB00	4c9bB00
4efiA00	4efiA00
4fccA01	4fccA01
4gwmB03	4gwmB03
4k7rA02	4k7rA02
4lcdA03	4lcdA03
4trkA00	4trkA00
4wfoA03	4wfoA03
5a0zD00	5a0zD00
5b46A01	5b46A01
5exeB01	5exeB01
5i2cA01	5i2cA01
5tipA01	5tipA01
5ykjA02	5ykjA02
6duxB02	6duxB02
6jbzA00	6jbzA00
6ospA01	6ospA01
6x6uA02	6x6uA02
7e1wB01	7e1wB01
7qydA01	7qydA01
8b6jb01	8b6jb01
8p4iG01	8p4iG01
153lA00	153lA00
1ap8A00	1ap8A00
1bo7A00	1bo7A00
1crkA02	1crkA02
1e1hA00	1e1hA00
1efyA01	1efyA01
1ez0B01	1ez0B01
1fouA02	1fouA02
1gwyA00	1gwyA00
1hqvA00	1hqvA00
1i7qA00	1i7qA00
1jb0A00	1jb0A00
1khbA01	1khbA01
1l1yA03	1l1yA03
1mjtB01	1mjtB01
1ohgA02	1ohgA02
1phzA00	1phzA00
1r3eA01	1r3eA01
1sigA00	1sigA00
1tgrA00	1tgrA00
1ub2A01	1ub2A01
1vl2D02	1vl2D02
1w36C04	1w36C04
1y1fX00	1y1fX00
1zruC01	1zruC01
2b2cA01	2b2cA01
2cx6A00	2cx6A00
2ej8B00	2ej8B00
2h21B01	2h21B01
2ilxA00	2ilxA00
2l4lA00	2l4lA00
2nwlC00	2nwlC00
2owmA00	2owmA00
2ptrA01	2ptrA01
2qm4A01	2qm4A01
2vq8A00	2vq8A00
2wvxA02	2wvxA02
2yu1A02	2yu1A02
3aqlA02	3aqlA02
3bczA00	3bczA00
3cslA01	3cslA01
3dmeA02	3dmeA02
3g4nA01	3g4nA01
3hd6A00	3hd6A00
3ju5A01	3ju5A01
3la4A03	3la4A03
3n1sJ00	3n1sJ00
3osnA02	3osnA02
3qaeA01	3qaeA01
3s6lD00	3s6lD00
3u3lC00	3u3lC00
3w4sA00	3w4sA00
4a5hA00	4a5hA00
4b56B03	4b56B03
4cgxA00	4cgxA00
4efiA00	4efiA00
4fmrA02	4fmrA02
4gywA04	4gywA04
4k7rA02	4k7rA02
4lcdA03	4lcdA03
4trkA00	4trkA00
4wfoA03	4wfoA03
5a0zD00	5a0zD00
5b66B02	5b66B02
5exeB01	5exeB01
5i50B00	5i50B00
5tipA01	5tipA01
6duxB02	6duxB02
6jbzA00	6jbzA00
6ozwA04	6ozwA04
6xj6A01	6xj6A01
7e1wB01	7e1wB01
7qydA01	7qydA01
8bebC02	8bebC02
9paiA02	9paiA02
153lA00	153lA00
1at3A00	1at3A00
1bo7A00	1bo7A00
1cseI00	1cseI00
1e1hA00	1e1hA00
1efyA01	1efyA01
1ez0B01	1ez0B01
1fouA02	1fouA02
1gwyA00	1gwyA00
1hqvA00	1hqvA00
1i7qA00	1i7qA00
1jb0A00	1jb0A00
1khbA01	1khbA01
1l5xA00	1l5xA00
1mjtB01	1mjtB01
1ok8A02	1ok8A02
1phzA00	1phzA00
1r6zA03	1r6zA03
1ti2A03	1ti2A03
1ub2A01	1ub2A01
1vl2D02	1vl2D02
1w36C04	1w36C04
1yagA04	1yagA04
1zu1A02	1zu1A02
2b3yA05	2b3yA05
2cx6A00	2cx6A00
2f5zK00	2f5zK00
2hdzA00	2hdzA00
2ilxA00	2ilxA00
2lenA00	2lenA00
2nwlC00	2nwlC00
2owmA00	2owmA00
2ptrA01	2ptrA01
2qm4A01	2qm4A01
2vq8A00	2vq8A00
2wvxA02	2wvxA02
2yvtA00	2yvtA00
3aqlA02	3aqlA02
3bczA00	3bczA00
3cslA01	3cslA01
3do6A02	3do6A02
3g5oA01	3g5oA01
3hd6A00	3hd6A00
3ju5A01	3ju5A01
3levA00	3levA00
3n4jA00	3n4jA00
3osnA02	3osnA02
3qsvC00	3qsvC00
3s6lD00	3s6lD00
3u3lC00	3u3lC00
3w4sA00	3w4sA00
4a5hA00	4a5hA00
4b56B03	4b56B03
4cgxA00	4cgxA00
4efiA00	4efiA00
4fmrA02	4fmrA02
4gywA04	4gywA04
4k84A00	4k84A00
4lkbE00	4lkbE00
4trkA00	4trkA00
4wi0B02	4wi0B02
5a0zD00	5a0zD00
5b66B02	5b66B02
5exeB01	5exeB01
5i50B00	5i50B00
5tipA01	5tipA01
5yq8A00	5yq8A00
6duxB02	6duxB02
6jbzA00	6jbzA00
6ozwA04	6ozwA04
6xj6A01	6xj6A01
7e1wB01	7e1wB01
7qydA01	7qydA01
8bveA02	8bveA02
9paiA02	9paiA02
1a05A00	1a05A00
1at3A00	1at3A00
1bqgA01	1bqgA01
1cseI00	1cseI00
1e1hA00	1e1hA00
1efyA01	1efyA01
1ez0B01	1ez0B01
1fs0E01	1fs0E01
1gwyA00	1gwyA00
1hzmA00	1hzmA00
1i94M02	1i94M02
1jb0A00	1jb0A00
1khbA01	1khbA01
1l5xA00	1l5xA00
1mjtB01	1mjtB01
1ok8A02	1ok8A02
1phzA00	1phzA00
1r6zA03	1r6zA03
1sigA00	1sigA00
1ti2A03	1ti2A03
1ub2A01	1ub2A01
1vl2D02	1vl2D02
1w5dA01	1w5dA01
1yagA04	1yagA04
2a0jA00	2a0jA00
2b3yA05	2b3yA05
2d1sA01	2d1sA01
2felA00	2felA00
2hdzA00	2hdzA00
2ilxA00	2ilxA00
2lenA00	2lenA00
2nwlC00	2nwlC00
2q2eB01	2q2eB01
2qtsA02	2qtsA02
2vq8A00	2vq8A00
2wvxA02	2wvxA02
2yvtA00	2yvtA00
3aqlA02	3aqlA02
3bczA00	3bczA00
3cv2A02	3cv2A02
3do6A02	3do6A02
3g8rA02	3g8rA02
3hhwK02	3hhwK02
3k6sD05	3k6sD05
3levA00	3levA00
3n4jA00	3n4jA00
3otxA02	3otxA02
3qsvC00	3qsvC00
3s6lD00	3s6lD00
3u3lC00	3u3lC00
3w4sA00	3w4sA00
4akvB01	4akvB01
4b56B03	4b56B03
4cgxA00	4cgxA00
4ekfA00	4ekfA00
4fsxA03	4fsxA03
4h7wA00	4h7wA00
4k84A00	4k84A00
4lkbE00	4lkbE00
4trkA00	4trkA00
4wi0B02	4wi0B02
5a0zD00	5a0zD00
5b66B02	5b66B02
5f28B00	5f28B00
5iznA00	5iznA00
5tkyA04	5tkyA04
5yq8A00	5yq8A00
6duxB02	6duxB02
6k0oA00	6k0oA00
6ozwA04	6ozwA04
6xj6A01	6xj6A01
7e1wB01	7e1wB01
7qydA01	7qydA01
8bveA02	8bveA02
1a05A00	1a05A00
1at3A00	1at3A00
1bqgA01	1bqgA01
1cz4A02	1cz4A02
1e1hA00	1e1hA00
1ekuB02	1ekuB02
1f0lA01	1f0lA01
1fs0E01	1fs0E01
1h54A03	1h54A03
1hzmA00	1hzmA00
1ireA00	1ireA00
1jb0A00	1jb0A00
1khcA02	1khcA02
1l5xA00	1l5xA00
1mpxA02	1mpxA02
1os6A00	1os6A00
1phzA00	1phzA00
1r6zA03	1r6zA03
1sq1A00	1sq1A00
1ti2A03	1ti2A03
1ue0A00	1ue0A00
1vl2D02	1vl2D02
1w5dA01	1w5dA01
1yc9A01	1yc9A01
2a0jA00	2a0jA00
2b3yA05	2b3yA05
2d1sA01	2d1sA01
2felA00	2felA00
2hf2B02	2hf2B02
2ilxA00	2ilxA00
2lenA00	2lenA00
2nwlC00	2nwlC00
2oy7A02	2oy7A02
2oy7A02	2oy7A02
2q2eB01	2q2eB01
2qtsA02	2qtsA02
2vqeN00	2vqeN00
2ww3A04	2ww3A04
2yvtA00	2yvtA00
3aqlA02	3aqlA02
3bjdA02	3bjdA02
3cv2A02	3cv2A02
3dvhA00	3dvhA00
3g8rA02	3g8rA02
3hhwK02	3hhwK02
3kcuD00	3kcuD00
3levA00	3levA00
3levA00	1sigA00
3n4jA00	3n4jA00
3otxA02	3otxA02
3qsvC00	3qsvC00
3smtA02	3smtA02
3u5eB01	3u5eB01
3w9iA04	3w9iA04
4akvB01	4akvB01
4b56B03	4b56B03
4cq7A00	4cq7A00
4ekfA00	4ekfA00
4fsxA03	4fsxA03
4h7wA00	4h7wA00
4k84A00	4k84A00
4mb7A01	4mb7A01
4trkA00	4trkA00
4wz8B02	4wz8B02
5a0zD00	5a0zD00
5b66O02	5b66O02
5f28B00	5f28B00
5iznA00	5iznA00
5tkyA04	5tkyA04
5yq8A00	5yq8A00
6dw1D00	6dw1D00
6k0oA00	6k0oA00
6ppfZ00	6ppfZ00
6xrbA01	6xrbA01
7e1wB01	7e1wB01
7rdbV01	7rdbV01
8c4aA01	8c4aA01
1a05A00	1a05A00
1at3A00	1at3A00
1bqgA01	1bqgA01
1cz4A02	1cz4A02
1e2rA02	1e2rA02
1ekuB02	1ekuB02
1f0lA01	1f0lA01
1fuiA02	1fuiA02
1h54A03	1h54A03
1hzmA00	1hzmA00
1ireA00	1ireA00
1jb0A00	1jb0A00
1khcA02	1khcA02
1l5xA00	1l5xA00
1mpxA02	1mpxA02
1os6A00	1os6A00
1phzA00	1phzA00
1r74B01	1r74B01
1sq1A00	1sq1A00
1ti2A03	1ti2A03
1ue0A00	1ue0A00
1vnsA01	1vnsA01
1w5dA01	1w5dA01
1yc9A01	1yc9A01
2a0jA00	2a0jA00
2b3yA05	2b3yA05
2d2rA00	2d2rA00
2felA00	2felA00
2hf2B02	2hf2B02
2imfA00	2imfA00
2lenA00	2lenA00
2nwlC00	2nwlC00
2oy7A02	2oy7A02
2q2eB01	2q2eB01
2qtsA02	2qtsA02
2vqxA01	2vqxA01
2ww3A04	2ww3A04
2yvtA00	2yvtA00
3aqlA02	3aqlA02
3bjdA02	3bjdA02
3dvhA00	3dvhA00
3gb5A00	3gb5A00
3hhwK02	3hhwK02
3kcuD00	3kcuD00
3lkmA02	3lkmA02
3nb0B03	3nb0B03
3pi7A01	3pi7A01
3rbjB00	3rbjB00
3snpA02	3snpA02
3ucsA00	3ucsA00
3zd7A03	3zd7A03
4asiF03	4asiF03
4b9kE00	4b9kE00
4do3A00	4do3A00
4epaA00	4epaA00
4g3hC00	4g3hC00
4hz9A00	4hz9A00
4kcfA02	4kcfA02
4n3pB01	4n3pB01
4u99B00	4u99B00
4x2cA00	4x2cA00
5a5gA03	5a5gA03
5dllA05	5dllA05
5fcyA00	5fcyA00
5kbpA01	5kbpA01
5u81A01	5u81A01
5z62L00	5z62L00
6ekzA00	6ekzA00
6liuC02	6liuC02
6ruiB08	6ruiB08
6yttA03	6yttA03
7eg1A01	7eg1A01
7uwrA02	7uwrA02
8c4aA01	8c4aA01
1a1vA03	1a1vA03
1b10A00	1b10A00
1byfA00	1byfA00
1d66A00	1d66A00
1e2rA02	1e2rA02
1ep3B01	1ep3B01
1f1eA00	1f1eA00
1fuiA03	1fuiA03
1hbmA03	1hbmA03
1i2dA02	1i2dA02
1isuA00	1isuA00
1jb0A00	1jb0A00
1khoA01	1khoA01
1li1C00	1li1C00
1n0uA03	1n0uA03
1p3hB00	1p3hB00
1q16A13	1q16A13
1rozB00	1rozB00
1sqgA01	1sqgA01
1tkeA02	1tkeA02
1ulvA01	1ulvA01
1vq8M00	1vq8M00
1wpeA01	1wpeA01
1yf3A02	1yf3A02
2a6hC03	2a6hC03
2bidA00	2bidA00
2ddhA03	2ddhA03
2fi1A02	2fi1A02
2hoxA02	2hoxA02
2ipcA04	2ipcA04
2n1hA00	2n1hA00
2o34A00	2o34A00
2p7nA00	2p7nA00
2q74A01	2q74A01
2r0dA02	2r0dA02
2wdcA03	2wdcA03
2x1lB02	2x1lB02
2yzyA00	2yzyA00
3ayfA01	3ayfA01
3bv6A00	3bv6A00
3d2oA00	3d2oA00
3e48B02	3e48B02
3gitB03	3gitB03
3hrzB01	3hrzB01
3kgyA00	3kgyA00
3lp9A00	3lp9A00
3ne5B03	3ne5B03
3pi7A01	3pi7A01
3rbjB00	3rbjB00
3snpA02	3snpA02
3uehA00	3uehA00
3zd7A03	3zd7A03
4asiF03	4asiF03
4b9kE00	4b9kE00
4do3A00	4do3A00
4epaA00	4epaA00
4g3hC00	4g3hC00
4hz9A00	4hz9A00
4kvkA00	4kvkA00
4n3pB01	4n3pB01
4u99B00	4u99B00
4xd7C03	4xd7C03
5a5gA03	5a5gA03
5dllA05	5dllA05
5fcyA00	5fcyA00
5kbpA01	5kbpA01
5ublA02	5ublA02
5zdkA01	5zdkA01
6ekzA00	6ekzA00
6liuC02	6liuC02
6ruiB08	6ruiB08
1vwxm00	1vwxm00
2nooA02	2nooA02
2o5cB02	2o5cB02
2pggA01	2pggA01
2q83A02	2q83A02
2sliA03	2sliA03
2we2A01	2we2A01
2x9jA00	2x9jA00
2zkgC00	2zkgC00
3b0nA03	3b0nA03
3bwgA02	3bwgA02
3danA00	3danA00
3eckA03	3eckA03
3gxhA00	3gxhA00
3i5dA02	3i5dA02
3kn6A01	3kn6A01
3lzkB00	3lzkB00
3nf2A00	3nf2A00
3po8A00	3po8A00
3rgzA01	3rgzA01
3srtA00	3srtA00
3v6zE00	3v6zE00
3zuxA00	3zuxA00
4aybB05	4aybB05
4bouA00	4bouA00
4do3A00	4do3A00
4epaA00	4epaA00
4ga4A01	4ga4A01
4jcsA02	4jcsA02
4kvkA00	4kvkA00
4nzcA02	4nzcA02
4uf0A03	4uf0A03
4y42A01	4y42A01
5aycA00	5aycA00
5dmsA02	5dmsA02
5fqdB01	5fqdB01
5mmiY00	5mmiY00
5ukgA01	5ukgA01
6aefA01	6aefA01
6ethA04	6ethA04
6ms8C01	6ms8C01
6u0m601	6u0m601
7bjtA01	7bjtA01
7jv7B01	7jv7B01
7whgG02	7whgG02
8hmpR01	8hmpR01
1a39A00	1a39A00
1b65A00	1b65A00
1c8dA00	1c8dA00
1dk8A01	1dk8A01
1e3dB00	1e3dB00
1ew4A00	1ew4A00
1fgmA05	1fgmA05
1g9gA02	1g9gA02
1hkgA03	1hkgA03
1i71A00	1i71A00
1j33A01	1j33A01
1jj2A03	1jj2A03
1kicB00	1kicB00
1lkfA00	1lkfA00
1nogA00	1nogA00
1p49A01	1p49A01
1qf8B02	1qf8B02
1rsgB02	1rsgB02
1sva400	1sva400
1u14A00	1u14A00
1uurA04	1uurA04
1vr9A01	1vr9A01
1wqlA01	1wqlA01
1yp2D01	1yp2D01
2ae4A00	2ae4A00
2bw0A02	2bw0A02
2e0iD03	2e0iD03
2g2cA00	2g2cA00
2hw0A00	2hw0A00
2iujA02	2iujA02
2nooA02	2nooA02
2o5cB02	2o5cB02
2pggA01	2pggA01
2qbuA02	2qbuA02
2sliA03	2sliA03
2wg7A00	2wg7A00
2x9jA00	2x9jA00
2zkgC00	2zkgC00
3b0nA03	3b0nA03
3bwgA02	3bwgA02
3danA00	3danA00
3ezmA00	3ezmA00
3gxhA00	3gxhA00
3i5dA02	3i5dA02
3kusB01	3kusB01
3m4rA01	3m4rA01
7clgA01	7clgA01
7mc0A01	7mc0A01
7wzwF01	7wzwF01
8hmpR01	8hmpR01
1adeA03	1adeA03
1bccF00	1bccF00
1c8dA00	1c8dA00
1dmlA00	1dmlA00
1e3dB00	1e3dB00
1ex0B02	1ex0B02
1fgmA05	1fgmA05
1g9mG00	1g9mG00
1hkgA03	1hkgA03
1i72A00	1i72A00
1j3bA02	1j3bA02
1k8kA02	1k8kA02
1kicB00	1kicB00
1lqvB00	1lqvB00
1nqzA00	1nqzA00
1p7gH02	1p7gH02
1qhdA02	1qhdA02
1rsgB02	1rsgB02
1t3dA01	1t3dA01
1u14A00	1u14A00
1uw0A01	1uw0A01
1vw4G00	1vw4G00
1wqlA01	1wqlA01
1yp2D01	1yp2D01
2ae4A00	2ae4A00
2c12A01	2c12A01
2e45A01	2e45A01
2gagA02	2gagA02
2i0oA00	2i0oA00
2iuoA02	2iuoA02
2nqlA02	2nqlA02
2ob5A00	2ob5A00
2pidA02	2pidA02
2qcyA03	2qcyA03
2uubR00	2uubR00
2wg7A00	2wg7A00
2x9jA00	2x9jA00
2zkgC00	2zkgC00
3b0zB00	3b0zB00
3c0tA00	3c0tA00
3danA00	3danA00
3fdfA02	3fdfA02
3gxvB00	3gxvB00
3i5dA02	3i5dA02
3kypE01	3kypE01
3m4rA01	3m4rA01
3nq0A00	3nq0A00
3pvjB00	3pvjB00
3stoA01	3stoA01
3va7A04	3va7A04
3zuxA00	3zuxA00
4aygB01	4aygB01
4aygB01	4aygB01
4bpuC00	4bpuC00
4dveA00	4dveA00
4epaA00	4epaA00
4gaaA03	4gaaA03
4jerA00	4jerA00
4kvkA00	4kvkA00
4o95A01	4o95A01
4uobA01	4uobA01
4z42A00	4z42A00
5aycA00	5aycA00
5dnoA00	5dnoA00
5fqdE02	5fqdE02
5o5jD01	5o5jD01
5vb9A01	5vb9A01
6aqjA02	6aqjA02
6fkfB03	6fkfB03
6n7eD01	6n7eD01
6u5uG02	6u5uG02
7clgA01	7clgA01
7mc0A01	7mc0A01
7wzwF01	7wzwF01
8hmpR01	8hmpR01
1adeA03	1adeA03
1bccF00	1bccF00
1c8dA00	1c8dA00
1dmlA00	1dmlA00
1e3dB00	1e3dB00
1ex0B02	1ex0B02
1fgmA05	1fgmA05
1g9mG00	1g9mG00
1hkgA03	1hkgA03
1i72A00	1i72A00
1j4zA01	1j4zA01
1k90A02	1k90A02
1kicB00	1kicB00
1lqvB00	1lqvB00
1nqzA00	1nqzA00
1p7gH02	1p7gH02
1qhdA02	1qhdA02
1rsgB02	1rsgB02
1t3dA01	1t3dA01
1u4cB00	1u4cB00
1v54I00	1v54I00
1vq8M00	1vq8M00
1wpuA00	1wpuA00
1yk3B00	1yk3B00
2a6hC03	2a6hC03
2bvfA03	2bvfA03
2dhhA05	2dhhA05
2fp1B00	2fp1B00
2hr7B01	2hr7B01
2ipcA04	2ipcA04
2n80A00	2n80A00
2o34A00	2o34A00
2pbiA03	2pbiA03
2q74A01	2q74A01
2rcyA02	2rcyA02
2wdqD00	2wdqD00
2x27X00	2x27X00
2yzyA00	2yzyA00
3ayfA01	3ayfA01
3bv6A00	3bv6A00
3d2oA00	3d2oA00
3e4wA02	3e4wA02
3glkA03	3glkA03
3hzhB00	3hzhB00
3kgyA00	3kgyA00
3lzkB00	3lzkB00
3nf2A00	3nf2A00
3pi7A01	3pi7A01
3rf7A02	3rf7A02
3sqgA01	3sqgA01
3uehA00	3uehA00
3zgzD01	3zgzD01
4at7B01	4at7B01
4bg7A00	4bg7A00
4do3A00	4do3A00
4epaA00	4epaA00
4g3hC00	4g3hC00
4i5sA01	4i5sA01
4kvkA00	4kvkA00
4nbiB00	4nbiB00
4udqA02	4udqA02
4xd7C03	4xd7C03
5aj3P00	5aj3P00
5dllA05	5dllA05
5fj8A06	5fj8A06
5kbpA01	5kbpA01
5ublA02	5ublA02
6aefA01	6aefA01
6ekzA00	6ekzA00
6mihA02	6mihA02
6rwk001	6rwk001
7bjtA01	7bjtA01
7ekoO01	7ekoO01
7v3gA02	7v3gA02
8eefB01	8eefB01
1a39A00	1a39A00
1b65A00	1b65A00
1c8dA00	1c8dA00
1ddqC02	1ddqC02
1e3dB00	1e3dB00
1epwA02	1epwA02
1ff3A00	1ff3A00
1fv1B01	1fv1B01
1hbmA03	1hbmA03
1i6vA02	1i6vA02
1iwpG02	1iwpG02
1jf5A03	1jf5A03
1khoA01	1khoA01
1lkfA00	1lkfA00
1na6A01	1na6A01
1p49A01	1p49A01
1q7fB00	1q7fB00
1rozB00	1rozB00
1sva400	1sva400
1tmxB00	1tmxB00
1ulvA01	1ulvA01
1vq8M00	1vq8M00
1wpuA00	1wpuA00
1yk3B00	1yk3B00
2a6hC04	2a6hC04
2bvfA03	2bvfA03
2dhhA05	2dhhA05
2fp1B00	2fp1B00
2hr7B01	2hr7B01
2ipcA04	2ipcA04
2n80A00	2n80A00
2o34A00	2o34A00
2pggA01	2pggA01
2q83A02	2q83A02
2ruhA00	2ruhA00
2wdqD00	2wdqD00
2x27X00	2x27X00
2zgiD02	2zgiD02
3ayfA01	3ayfA01
3bv6A00	3bv6A00
3d7jA00	3d7jA00
3e4wA02	3e4wA02
3gqnA03	3gqnA03
3hzhB00	3hzhB00
3kiuy00	3kiuy00
3lzkB00	3lzkB00
3nq0A00	3nq0A00
3pvjB00	3pvjB00
3rgzA01	3rgzA01
3stoA01	3stoA01
3vbbE01	3vbbE01
3zuxA00	3zuxA00
4b21A02	4b21A02
4bpuC00	4bpuC00
4dwaB00	4dwaB00
4ersA00	4ersA00
4gf3A00	4gf3A00
4jerA00	4jerA00
4l1jB00	4l1jB00
4ppfA02	4ppfA02
4uscA02	4uscA02
4z9cA00	4z9cA00
5az7A01	5az7A01
5do9A02	5do9A02
5g5gC03	5g5gC03
5o5jG01	5o5jG01
5x8tF00	5x8tF00
6at4A03	6at4A03
6fzgA00	6fzgA00
6n7eD01	6n7eD01
6u5uG02	6u5uG02
7clgA01	7clgA01
7mc0A01	7mc0A01
7wzwF01	7wzwF01
8iprA01	8iprA01
1am2A00	1am2A00
1bgwA03	1bgwA03
1c8dA00	1c8dA00
1dmlA00	1dmlA00
1e50B00	1e50B00
1ex0B02	1ex0B02
1fgmA05	1fgmA05
1g9mG00	1g9mG00
1hn0A04	1hn0A04
1i72A00	1i72A00
1j4zA01	1j4zA01
1k90A02	1k90A02
1kplA00	1kplA00
1lwuB02	1lwuB02
1nxuA01	1nxuA01
1p9bA01	1p9bA01
1qklA00	1qklA00
1ruyH02	1ruyH02
1t7pA02	1t7pA02
1u4cB00	1u4cB00
1vioA01	1vioA01
1vw4L01	1vw4L01
1xdyG00	1xdyG00
1yq9A02	1yq9A02
2ahnA00	2ahnA00
2c2iA00	2c2iA00
2e9yB00	2e9yB00
2gagA02	2gagA02
2i0oA00	2i0oA00
2j63A00	2j63A00
2nrjA01	2nrjA01
2obsA01	2obsA01
2pmzB06	2pmzB06
2qh9A00	2qh9A00
2ve5C02	2ve5C02
2wocA00	2wocA00
2xzmC02	2xzmC02
2zxeA02	2zxeA02
3b7nA02	3b7nA02
3c0tA00	3c0tA00
3danA00	3danA00
3foeA01	3foeA01
3gyxA02	3gyxA02
3ia8A00	3ia8A00
3l0aA00	3l0aA00
3md2A01	3md2A01
3nq0A00	3nq0A00
3pvjB00	3pvjB00
3thxB03	3thxB03
3vbbE01	3vbbE01
3zzmA02	3zzmA02
4b28A01	4b28A01
4bpuC00	4bpuC00
4dwaB00	4dwaB00
4f4oC01	4f4oC01
4jgwA01	4jgwA01
4l1jB00	4l1jB00
4q5wA02	4q5wA02
4uscA02	4uscA02
4z9cA00	4z9cA00
5b1aD00	5b1aD00
5douA01	5douA01
5gvyA00	5gvyA00
5o5jG01	5o5jG01
5x8tF00	5x8tF00
6at4A03	6at4A03
6fzgA00	6fzgA00
6ng3A01	6ng3A01
6u5uG02	6u5uG02
1xdyG00	1xdyG00
1yy9A04	1yy9A04
2ahuA01	2ahuA01
2c2iA00	2c2iA00
2e9yB00	2e9yB00
2gagA02	2gagA02
2i9bG02	2i9bG02
2j63A00	2j63A00
2nrjA01	2nrjA01
2obsA01	2obsA01
2pmzB06	2pmzB06
2qkwB02	2qkwB02
2vfbA01	2vfbA01
2wocA00	2wocA00
2xzmC02	2xzmC02
2zxeA02	2zxeA02
3b7nA02	3b7nA02
3c5gB04	3c5gB04
3dclA03	3dclA03
3foeA01	3foeA01
3gyxA02	3gyxA02
3iefA02	3iefA02
3l0aA00	3l0aA00
3mdoA02	3mdoA02
3o8jA01	3o8jA01
3pvuA02	3pvuA02
3rgzA01	3rgzA01
3rgzA01	3rgzA01
3rgzA01	3rgzA01
3rgzA01	3rgzA01
3rgzA01	3rgzA01
3thxB03	3thxB03
3vf2A03	3vf2A03
3zzmA02	3zzmA02
4b28A01	4b28A01
4bpuC00	4bpuC00
4e5sA02	4e5sA02
4fajA01	4fajA01
4gqaB02	4gqaB02
4jgwA01	4jgwA01
4l1jB00	4l1jB00
4qbnA00	4qbnA00
4v19F00	4v19F00
4z9eA00	4z9eA00
5b1aD00	5b1aD00
5douA01	5douA01
5gvyA00	5gvyA00
5omvA01	5omvA01
5y5sH02	5y5sH02
6at4A03	6at4A03
6fzgA00	6fzgA00
6nirC02	6nirC02
6vvoC03	6vvoC03
7ddqb01	7ddqb01
7nnlB01	7nnlB01
7xffF01	7xffF01
8iprA01	8iprA01
1bikA00	1bikA00
1bikA00	1bikA00
1chhA00	1chhA00
1dmxA00	1dmxA00
1e6dM01	1e6dM01
1eysC02	1eysC02
1ficB01	1ficB01
1gmuA02	1gmuA02
1hq6B00	1hq6B00
1i7dA03	1i7dA03
1j5sA02	1j5sA02
1ka2A00	1ka2A00
1kplA00	1kplA00
1maeL00	1maeL00
1ogoX02	1ogoX02
1pbwB00	1pbwB00
1qynD00	1qynD00
1ruyH02	1ruyH02
1t92A01	1t92A01
1u4cB00	1u4cB00
1vkaB00	1vkaB00
1vwxS01	1vwxS01
1xdyG00	1xdyG00
1yy9A04	1yy9A04
2ahuA01	2ahuA01
2cjaA02	2cjaA02
2e9yB00	2e9yB00
2gttC01	2gttC01
2iaiA02	2iaiA02
2j63A00	2j63A00
2nrjA01	2nrjA01
2odyA00	2odyA00
2pn1A03	2pn1A03
2qkwB02	2qkwB02
2vfbA01	2vfbA01
2wscL00	2wscL00
2y4zA00	2y4zA00
2zxeA02	2zxeA02
3b7sA02	3b7sA02
3c7vB01	3c7vB01
3devA02	3devA02
3fq3A00	3fq3A00
3h0gE01	3h0gE01
3iqdB02	3iqdB02
3l20A00	3l20A00
3mdoA02	3mdoA02
7dpiB01	7dpiB01
7oodf01	7oodf01
7ylvg01	7ylvg01
8iprA01	8iprA01
1aorA01	1aorA01
1bo1A02	1bo1A02
1cmbA00	1cmbA00
1dqaD01	1dqaD01
1e6dM01	1e6dM01
1eysC02	1eysC02
1fm2B03	1fm2B03
1gteA02	1gteA02
1hq6B00	1hq6B00
1i7qA00	1i7qA00
1ja1A03	1ja1A03
1ka2A00	1ka2A00
1kplA00	1kplA00
1maeL00	1maeL00
1ogoX02	1ogoX02
1pbwB00	1pbwB00
1qynD00	1qynD00
1rv0H01	1rv0H01
1tbpA01	1tbpA01
1u9tA01	1u9tA01
1vkpB00	1vkpB00
1vx7a01	1vx7a01
1xf1A05	1xf1A05
1z8fA02	1z8fA02
2ahuA01	2ahuA01
2cjaA02	2cjaA02
2efkA01	2efkA01
2gttC01	2gttC01
2iaiA02	2iaiA02
2k6hA01	2k6hA01
2nrjA01	2nrjA01
2osoA00	2osoA00
2pplA02	2pplA02
2qkwB02	2qkwB02
2vfrA05	2vfrA05
2wscL00	2wscL00
2y4zA00	2y4zA00
3a3jA02	3a3jA02
3b8oA01	3b8oA01
3cbuA02	3cbuA02
3dmeA01	3dmeA01
3fq3A00	3fq3A00
3h0gE01	3h0gE01
3iqdB02	3iqdB02
3l20A00	3l20A00
3memA01	3memA01
3o8jA01	3o8jA01
3pwxA01	3pwxA01
3rmxA02	3rmxA02
3tufB00	3tufB00
3vqjA00	3vqjA00
4a17J00	4a17J00
4b28A02	4b28A02
4c4aA04	4c4aA04
4e6yA03	4e6yA03
4fajA02	4fajA02
4gqaB02	4gqaB02
4jmdA00	4jmdA00
4l9mA02	4l9mA02
4qg3A01	4qg3A01
4v19F00	4v19F00
4zi6C01	4zi6C01
5b1aJ00	5b1aJ00
5e4bA00	5e4bA00
5hzzC00	5hzzC00
5oomT00	5oomT00
5yh1A01	5yh1A01
6cazA00	6cazA00
6gyyA00	6gyyA00
6o3bH00	6o3bH00
6wl5A01	6wl5A01
7du3B01	7du3B01
7oodf01	7oodf01
7ylvg01	7ylvg01
8p4iG01	8p4iG01
1aorA01	1aorA01
1bo1A02	1bo1A02
1cmbA00	1cmbA00
1dwnA00	1dwnA00
1e7uA04	1e7uA04
1eysH01	1eysH01
1fod100	1fod100
1gteA02	1gteA02
1hqiA00	1hqiA00
1i7qA00	1i7qA00
1ja1A03	1ja1A03
1ka2A00	1ka2A00
1kplA00	1kplA00
1mg7A02	1mg7A02
1ogoX02	1ogoX02
1pbwB00	1pbwB00
1r12A01	1r12A01
1rxxA02	1rxxA02
1te5A00	1te5A00
1u9tA01	1u9tA01
1vkpB00	1vkpB00
7d27A01	7d27A01
7mqvC02	7mqvC02
7xfdA01	7xfdA01
8iprA01	8iprA01
1am2A00	1am2A00
1bi6H00	1bi6H00
1cf7B00	1cf7B00
1dmxA00	1dmxA00
1e50B00	1e50B00
1ex0B02	1ex0B02
1ficB01	1ficB01
1g9mG00	1g9mG00
1hn0A04	1hn0A04
1i7dA03	1i7dA03
1j4zA01	1j4zA01
1ka2A00	1ka2A00
1kplA00	1kplA00
1m7vA02	1m7vA02
1of9A00	1of9A00
1p9bA01	1p9bA01
1qklA00	1qklA00
1ruyH02	1ruyH02
1t7pA02	1t7pA02
1u4cB00	1u4cB00
1vkaB00	1vkaB00
1vwxI02	1vwxI02
1xdyG00	1xdyG00
1yy9A04	1yy9A04
2ahnA00	2ahnA00
2c2iA00	2c2iA00
2e9yB00	2e9yB00
2gagA02	2gagA02
2i9bG02	2i9bG02
2j63A00	2j63A00
2nrjA01	2nrjA01
2obsA01	2obsA01
2pmzB06	2pmzB06
2qh9A00	2qh9A00
2ve5C02	2ve5C02
2wocA00	2wocA00
2xzmC02	2xzmC02
2zxeA02	2zxeA02
3b7nA02	3b7nA02
3c5gB04	3c5gB04
3danA00	3danA00
3foeA01	3foeA01
3gyxA02	3gyxA02
3iefA02	3iefA02
3l0aA00	3l0aA00
3mdoA02	3mdoA02
3o8jA01	3o8jA01
3pvuA02	3pvuA02
3rgzA01	3rgzA01
3thxB03	3thxB03
3vf2A03	3vf2A03
3zzmA02	3zzmA02
4b28A01	4b28A01
4bpuC00	4bpuC00
4dwaB00	4dwaB00
4fajA01	4fajA01
4gqaB02	4gqaB02
4jgwA01	4jgwA01
4l1jB00	4l1jB00
4q5wA02	4q5wA02
4v19F00	4v19F00
4z9cA00	4z9cA00
5b1aD00	5b1aD00
5douA01	5douA01
5gvyA00	5gvyA00
5omvA01	5omvA01
5x8tF00	5x8tF00
6at4A03	6at4A03
6fzgA00	6fzgA00
6nirC02	6nirC02
6u5uG02	6u5uG02
7d27A01	7d27A01
7mqvC02	7mqvC02
7xfdA01	7xfdA01
8iprA01	8iprA01
1am2A00	1am2A00
1cf7B00	1cf7B00
1dmxA00	1dmxA00
1e50B00	1e50B00
1ex0B02	1ex0B02
1ficB01	1ficB01
1gmnB01	1gmnB01
1hq6B00	1hq6B00
1i7dA03	1i7dA03
1j4zA01	1j4zA01
1ka2A00	1ka2A00
1kplA00	1kplA00
1m7vA02	1m7vA02
1of9A00	1of9A00
1p9bA01	1p9bA01
1qklA00	1qklA00
1ruyH02	1ruyH02
1t92A01	1t92A01
1u4cB00	1u4cB00
1vkaB00	1vkaB00
3n99I01	3n99I01
3oymA04	3oymA04
3qy2A00	3qy2A00
3smtA02	3smtA02
3u5eB01	3u5eB01
3w9iA04	3w9iA04
4asiF03	4asiF03
4b56B03	4b56B03
4cq7A00	4cq7A00
4ekfA00	4ekfA00
4fsxA03	4fsxA03
4h7wA00	4h7wA00
4k84A00	4k84A00
4mb7A01	4mb7A01
4u6rA03	4u6rA03
4wz8B02	4wz8B02
5a0zD00	5a0zD00
5c0uA00	5c0uA00
5f3mA00	5f3mA00
5jm6A02	5jm6A02
5u81A01	5u81A01
5z3gF02	5z3gF02
6dw1D00	6dw1D00
6k93A00	6k93A00
6qb8Q02	6qb8Q02
6xrbA01	6xrbA01
7e1wB01	7e1wB01
7rdbV01	7rdbV01
8c4aA01	8c4aA01
1a05A00	1a05A00
1azoA00	1azoA00
1by1A00	1by1A00
1d0cA03	1d0cA03
1e2rA02	1e2rA02
1ekuB02	1ekuB02
1f0lA01	1f0lA01
1fuiA02	1fuiA02
1h5wB03	1h5wB03
1i1iP02	1i1iP02
1ireA00	1ireA00
1jb0A00	1jb0A00
1khdD02	1khdD02
1l5xA00	1l5xA00
1mqsA03	1mqsA03
1p1eA00	1p1eA00
1ppjI00	1ppjI00
1r74B01	1r74B01
1sq1A00	1sq1A00
1ti2A03	1ti2A03
1ue0A00	1ue0A00
1vnsA01	1vnsA01
1w5dA01	1w5dA01
1yc9A01	1yc9A01
2a3vA02	2a3vA02
2bb0A01	2bb0A01
2d2rA00	2d2rA00
2felA00	2felA00
2hg0A03	2hg0A03
2imfA00	2imfA00
2m7fA00	2m7fA00
2o01200	2o01200
2p7nA00	2p7nA00
2q2eB01	2q2eB01
2qtsA03	2qtsA03
2vqxA01	2vqxA01
2ww3A04	2ww3A04
2yvtA00	2yvtA00
3ayfA01	3ayfA01
3bjdA02	3bjdA02
3d2fA02	3d2fA02
3e2cA00	3e2cA00
3gb5A00	3gb5A00
3hhwK02	3hhwK02
3kcuD00	3kcuD00
3lkmA02	3lkmA02
3n99I01	3n99I01
3p3gA02	3p3gA02
3qy2A00	3qy2A00
3smtA02	3smtA02
3u5nA02	3u5nA02
3winD00	3winD00
4asiF03	4asiF03
4b8nB00	4b8nB00
4cq7A00	4cq7A00
4ekfA00	4ekfA00
4fvmA05	4fvmA05
4h7wA00	4h7wA00
4k8wA00	4k8wA00
4mb7A01	4mb7A01
4u6rA03	4u6rA03
4x2cA00	4x2cA00
5a0zD00	5a0zD00
5c0uA00	5c0uA00
5f3mA00	5f3mA00
5jm6A02	5jm6A02
5u81A01	5u81A01
5z3gF02	5z3gF02
6dw1D00	6dw1D00
6k93A00	6k93A00
6qb8Q02	6qb8Q02
6xrbA01	6xrbA01
7eg1A01	7eg1A01
7rh5M01	7rh5M01
8c4aA01	8c4aA01
1a05A00	1a05A00
1azoA00	1azoA00
1by1A00	1by1A00
1d0cA03	1d0cA03
1e2rA02	1e2rA02
1eo0A00	1eo0A00
1f0lA01	1f0lA01
1fuiA02	1fuiA02
1h8pA01	1h8pA01
1i1iP02	1i1iP02
1ireA00	1ireA00
1jb0A00	1jb0A00
1khdD02	1khdD02
1l6hA00	1l6hA00
1mqsA03	1mqsA03
1p1eA00	1p1eA00
1prrA02	1prrA02
1rerA01	1rerA01
1sq1A00	1sq1A00
1ti8B00	1ti8B00
1ue0A00	1ue0A00
1vnsA01	1vnsA01
1w5dA01	1w5dA01
1yc9A01	1yc9A01
2a3vA02	2a3vA02
2bb0A01	2bb0A01
2d2rA00	2d2rA00
2felA00	2felA00
2hg0A03	2hg0A03
2imfA00	2imfA00
2m7fA00	2m7fA00
2o01200	2o01200
2p7nA00	2p7nA00
2q37A00	2q37A00
2qtsA03	2qtsA03
2vqxA01	2vqxA01
2wzkA01	2wzkA01
2yxxA01	2yxxA01
3ayfA01	3ayfA01
3bjdA02	3bjdA02
3d2fA02	3d2fA02
3e2cA00	3e2cA00
3gb5A00	3gb5A00
3hmbB00	3hmbB00
3kcuD00	3kcuD00
3n99I01	3n99I01
3p3gA02	3p3gA02
3rbjB00	3rbjB00
3snpA02	3snpA02
3u5nA02	3u5nA02
3winD00	3winD00
4asiF03	4asiF03
4b8nB00	4b8nB00
4do3A00	4do3A00
4ensA02	4ensA02
4fvmA05	4fvmA05
4hehA01	4hehA01
4k8wA00	4k8wA00
4n3pB01	4n3pB01
4u6rA03	4u6rA03
4x2cA00	4x2cA00
5a0zD00	5a0zD00
5c0uA00	5c0uA00
5fclE01	5fclE01
5jm6A02	5jm6A02
5u81A01	5u81A01
5z3gF02	5z3gF02
6dw1D00	6dw1D00
6k93A00	6k93A00
6ra3A02	6ra3A02
6yttA03	6yttA03
7eg1A01	7eg1A01
7rh5M01	7rh5M01
8c4aA01	8c4aA01
1a05A00	1a05A00
1azoA00	1azoA00
1by1A00	1by1A00
1d4m400	1d4m400
1e2rA02	1e2rA02
1eo0A00	1eo0A00
1f1eA00	1f1eA00
1fuiA03	1fuiA03
1hbkA00	1hbkA00
1i1iP02	1i1iP02
1is8A01	1is8A01
1jb0A00	1jb0A00
1khdD02	1khdD02
1l6hA00	1l6hA00
1mqsA03	1mqsA03
1p2eA02	1p2eA02
1prrA02	1prrA02
1rerA01	1rerA01
1sq1A00	1sq1A00
1ti8B00	1ti8B00
1ufvA02	1ufvA02
1vq8200	1vq8200
1wpeA01	1wpeA01
1yc9A01	1yc9A01
2a3vA02	2a3vA02
2bidA00	2bidA00
2d2rA00	2d2rA00
2felA00	2felA00
2hoxA02	2hoxA02
2imfA00	2imfA00
2o01200	2o01200
2p7nA00	2p7nA00
2q37A00	2q37A00
2r0dA02	2r0dA02
2wdcA03	2wdcA03
2wzkA01	2wzkA01
2yxxA01	2yxxA01
3ayfA01	3ayfA01
3bkrA00	3bkrA00
3d2oA00	3d2oA00
3e2cA00	3e2cA00
3gb5A00	3gb5A00
3hmbB00	3hmbB00
3kcuD00	3kcuD00
3lp9A00	3lp9A00
3lp9A00	3lp9A00
3nb0B03	3nb0B03
3p3gA02	3p3gA02
3rbjB00	3rbjB00
3snpA02	3snpA02
3ucsA00	3ucsA00
3winD00	3winD00
4asiF03	4asiF03
4b8vA03	4b8vA03
4do3A00	4do3A00
4ensA02	4ensA02
4fvmA05	4fvmA05
4hehA01	4hehA01
4kcfA02	4kcfA02
4n3pB01	4n3pB01
4u99B00	4u99B00
4x2cA00	4x2cA00
5a0zD00	5a0zD00
5c0uA00	5c0uA00
5fclE01	5fclE01
5kbpA01	5kbpA01
5u81A01	5u81A01
5z62K00	5z62K00
6ekzA00	6ekzA00
6k93A00	6k93A00
6ra3A02	6ra3A02
6yttA03	6yttA03
7eg1A01	7eg1A01
7rh5M01	7rh5M01
8c4aA01	8c4aA01
1a1vA03	1a1vA03
1azoA00	1azoA00
1by1A00	1by1A00
1e2rA02	1e2rA02
1ep3B01	1ep3B01
1f1eA00	1f1eA00
1fuiA03	1fuiA03
1hbkA00	1hbkA00
1i2dA02	1i2dA02
1isuA00	1isuA00
1jb0A00	1jb0A00
1khdD02	1khdD02
1li1C00	1li1C00
1n0uA03	1n0uA03
1p2eA02	1p2eA02
1q16A13	1q16A13
1rerA01	1rerA01
1sqgA01	1sqgA01
1ti8B00	1ti8B00
1ufvA02	1ufvA02
1vq8L01	1vq8L01
1wpeA01	1wpeA01
1yc9A01	1yc9A01
2a3vA02	2a3vA02
2bidA00	2bidA00
2ddhA03	2ddhA03
2fi1A02	2fi1A02
2hoxA02	2hoxA02
2ipcA04	2ipcA04
2m9wA00	2m9wA00
2o34A00	2o34A00
2p7nA00	2p7nA00
2q37A00	2q37A00
2r0dA02	2r0dA02
2wdcA03	2wdcA03
2wzkA01	2wzkA01
2yxxA01	2yxxA01
3ayfA01	3ayfA01
3bkrA00	3bkrA00
3d2oA00	3d2oA00
3e48B02	3e48B02
3gitB03	3gitB03
3hmbB00	3hmbB00
3kgyA00	3kgyA00
3lp9A00	3lp9A00
6zxfP01	6zxfP01
7eg1A01	7eg1A01
7uwrA02	7uwrA02
8c4aA01	8c4aA01
1a1vA03	1a1vA03
1b10A00	1b10A00
1byfA00	1byfA00
1ddqC02	1ddqC02
1e2rA02	1e2rA02
1epwA02	1epwA02
1ff3A00	1ff3A00
1fuiA03	1fuiA03
1hbmA03	1hbmA03
1i2dA02	1i2dA02
1iweA02	1iweA02
1jeyA04	1jeyA04
1khoA01	1khoA01
1li1C00	1li1C00
1na6A01	1na6A01
1p3hB00	1p3hB00
1q16A13	1q16A13
1rozB00	1rozB00
1sqgA01	1sqgA01
1tkeA02	1tkeA02
1ulvA01	1ulvA01
1vq8M00	1vq8M00
1wpuA00	1wpuA00
1yf3A02	1yf3A02
2a6hC03	2a6hC03
2bidA00	2bidA00
2ddhA03	2ddhA03
2fp1B00	2fp1B00
2hoxA02	2hoxA02
2ipcA04	2ipcA04
2n1hA00	2n1hA00
2o34A00	2o34A00
2p7nA00	2p7nA00
2q74A01	2q74A01
2rcyA02	2rcyA02
2wdcA03	2wdcA03
2x1lB02	2x1lB02
2yzyA00	2yzyA00
3ayfA01	3ayfA01
3bv6A00	3bv6A00
3d2oA00	3d2oA00
3e4wA02	3e4wA02
3gitB03	3gitB03
3hrzB01	3hrzB01
3kgyA00	3kgyA00
3lzkB00	3lzkB00
3ne5B03	3ne5B03
3pi7A01	3pi7A01
3rf7A02	3rf7A02
3snpA02	3snpA02
3snpA02	4gf3A00
3uehA00	3uehA00
3zd7A03	3zd7A03
4asiF03	4asiF03
4bg7A00	4bg7A00
4do3A00	4do3A00
4epaA00	4epaA00
4g3hC00	4g3hC00
4i5sA01	4i5sA01
4kvkA00	4kvkA00
4nbiB00	4nbiB00
4u99B00	4u99B00
4xd7C03	4xd7C03
5aj3P00	5aj3P00
5dllA05	5dllA05
5fcyA00	5fcyA00
5kbpA01	5kbpA01
5ublA02	5ublA02
5zdkA01	5zdkA01
6ekzA00	6ekzA00
6mihA02	6mihA02
6ruiB08	6ruiB08
6zxfP01	6zxfP01
7eg1A01	7eg1A01
7v3gA02	7v3gA02
8c4aA01	8c4aA01
1a39A00	1a39A00
1b65A00	1b65A00
1byfA00	1byfA00
1ddqC02	1ddqC02
1e2rA02	1e2rA02
1epwA02	1epwA02
1ff3A00	1ff3A00
1fuiA03	1fuiA03
1hbmA03	1hbmA03
1i2dA02	1i2dA02
1iweA02	1iweA02
1jeyA04	1jeyA04
1khoA01	1khoA01
1li1C00	1li1C00
1na6A01	1na6A01
1p49A01	1p49A01
1q7fB00	1q7fB00
1rozB00	1rozB00
1sva400	1sva400
1tmxB00	1tmxB00
1ulvA01	1ulvA01
1vx7K01	1vx7K01
1xf1A05	1xf1A05
1zlhB02	1zlhB02
2ahuA01	2ahuA01
2cjaA02	2cjaA02
2efkA01	2efkA01
2gttC01	2gttC01
2ig6A00	2ig6A00
2k6hA01	2k6hA01
2nvuC01	2nvuC01
2osoA00	2osoA00
2pplA02	2pplA02
2qlkA00	2qlkA00
2vhjA02	2vhjA02
2wtgA00	2wtgA00
2y69F00	2y69F00
3a3jA02	3a3jA02
3b8oA01	3b8oA01
3cbuA02	3cbuA02
3dmeA01	3dmeA01
3g0mA00	3g0mA00
3hd6A00	3hd6A00
3iqdB02	3iqdB02
3l4gB02	3l4gB02
3memA01	3memA01
3oeeP02	3oeeP02
3pwxA01	3pwxA01
3rmxA02	3rmxA02
3tufB00	3tufB00
3vqjA00	3vqjA00
4a18L02	4a18L02
4b28A02	4b28A02
4c9bB00	4c9bB00
4e6yA03	4e6yA03
4fajA02	4fajA02
4griA03	4griA03
4jmdA00	4jmdA00
4l9mA02	4l9mA02
4qg3A01	4qg3A01
4v1ab01	4v1ab01
4zi6C01	4zi6C01
5b1aM00	5b1aM00
5ex0A01	5ex0A01
5hzzC00	5hzzC00
5oomT00	5oomT00
5yh1A01	5yh1A01
6dlyA03	6dlyA03
6gyzA03	6gyzA03
6oqrR00	6oqrR00
6wl5A01	6wl5A01
7du3B01	7du3B01
7qssA01	7qssA01
7ylvg01	7ylvg01
8p4iG01	8p4iG01
1aorA01	1aorA01
1bo7A00	1bo7A00
1crkA02	1crkA02
1dwnA00	1dwnA00
1e7uA04	1e7uA04
1eysH01	1eysH01
1fod100	1fod100
1gteA02	1gteA02
1hqiA00	1hqiA00
1i7qA00	1i7qA00
1ja1A03	1ja1A03
1ka2A00	1ka2A00
1kshB00	1kshB00
1mg7A02	1mg7A02
1ogoX02	1ogoX02
1pcpA01	1pcpA01
1r12A01	1r12A01
1rxxA02	1rxxA02
1te5A00	1te5A00
1ub1A00	1ub1A00
1vkpB00	1vkpB00
1vx7K01	1vx7K01
1y1fX00	1y1fX00
1znvA00	1znvA00
2au3A03	2au3A03
2cjaA02	2cjaA02
2efkA01	2efkA01
2h21B01	2h21B01
2ig6A00	2ig6A00
2k6hA01	2k6hA01
2nvuC01	2nvuC01
2owmA00	2owmA00
2ppwA00	2ppwA00
2qlkA00	2qlkA00
2vhjA02	2vhjA02
2vhjA02	3cv2A02
2wtgA00	2wtgA00
2y69F00	2y69F00
3aahB00	3aahB00
3b8oA01	3b8oA01
3cbuA02	3cbuA02
3dmeA01	3dmeA01
3g0mA00	3g0mA00
3hd6A00	3hd6A00
3j7aW01	3j7aW01
3l4gB02	3l4gB02
3memA01	3memA01
1vw4L01	1vw4L01
1wxcB01	1wxcB01
1yp2D01	1yp2D01
2ahnA00	2ahnA00
2c12A01	2c12A01
2e9yB00	2e9yB00
2gagA02	2gagA02
2i0oA00	2i0oA00
2iuoA02	2iuoA02
2nqlA02	2nqlA02
2ob5A00	2ob5A00
2pidA02	2pidA02
2qcyA03	2qcyA03
2ve5C02	2ve5C02
2wocA00	2wocA00
2xi1B00	2xi1B00
2zxeA02	2zxeA02
3b0zB00	3b0zB00
3c0tA00	3c0tA00
3danA00	3danA00
3foeA01	3foeA01
3gxvB00	3gxvB00
3ia8A00	3ia8A00
3l0aA00	3l0aA00
3m4rA01	3m4rA01
3nq0A00	3nq0A00
3pvjB00	3pvjB00
3stoA01	3stoA01
3va7A04	3va7A04
3zuxA00	3zuxA00
4b21A02	4b21A02
4bpuC00	4bpuC00
4dveA00	4dveA00
4ersA00	4ersA00
4gf3A00	4gf3A00
4jerA00	4jerA00
4kvkA00	4kvkA00
4ppfA02	4ppfA02
4uscA02	4uscA02
4z9cA00	4z9cA00
5az7A01	5az7A01
5do9A02	5do9A02
5g5gC03	5g5gC03
5o5jG01	5o5jG01
5wkrA02	5wkrA02
6at4A03	6at4A03
6fzgA00	6fzgA00
6n7eD01	6n7eD01
6u5uG02	6u5uG02
7clgA01	7clgA01
7mc0A01	7mc0A01
7wzwF01	7wzwF01
8hmpR01	8hmpR01
1adeA03	1adeA03
1bgwA03	1bgwA03
1c8dA00	1c8dA00
1dmlA00	1dmlA00
1e3dB00	1e3dB00
1ex0B02	1ex0B02
1fgmA05	1fgmA05
1g9mG00	1g9mG00
1hn0A04	1hn0A04
1i72A00	1i72A00
1j4zA01	1j4zA01
1k90A02	1k90A02
1kplA00	1kplA00
1lwuB02	1lwuB02
1nxuA01	1nxuA01
1p7gH02	1p7gH02
1qhdA02	1qhdA02
1rsgB02	1rsgB02
1t7pA02	1t7pA02
1u4cB00	1u4cB00
1v54I00	1v54I00
1vw4L01	1vw4L01
1wxcB01	1wxcB01
1yq9A02	1yq9A02
2ahnA00	2ahnA00
2c12A01	2c12A01
2e9yB00	2e9yB00
2gagA02	2gagA02
2i0oA00	2i0oA00
2j63A00	2j63A00
2nqlA02	2nqlA02
2obsA01	2obsA01
2pmzB06	2pmzB06
2qh9A00	2qh9A00
2ve5C02	2ve5C02
2wocA00	2wocA00
2xi1B00	2xi1B00
2zxeA02	2zxeA02
3b7nA02	3b7nA02
3c0tA00	3c0tA00
3danA00	3danA00
3foeA01	3foeA01
3gxvB00	3gxvB00
3ia8A00	3ia8A00
3l0aA00	3l0aA00
3md2A01	3md2A01
3nf2A00	3nf2A00
3po8A00	3po8A00
3srtA00	3srtA00
3v6zE00	3v6zE00
3zuxA00	3zuxA00
4aygB01	4aygB01
4bouA00	4bouA00
4dveA00	4dveA00
4epaA00	4epaA00
4gaaA03	4gaaA03
4jcsA02	4jcsA02
4jcsA02	5ykjA02
4kvkA00	4kvkA00
4nzcA02	4nzcA02
4ui7C00	4ui7C00
4y42A01	4y42A01
5aycA00	5aycA00
5dnoA00	5dnoA00
5fqdB01	5fqdB01
5mmiY00	5mmiY00
5ukgA01	5ukgA01
6aqjA02	6aqjA02
6fkfB03	6fkfB03
6ms8C01	6ms8C01
6u0m601	6u0m601
7bjtA01	7bjtA01
7jv7B01	7jv7B01
7whgG02	7whgG02
8hmpR01	8hmpR01
1a39A00	1a39A00
1b65A00	1b65A00
1c8dA00	1c8dA00
1dmlA00	1dmlA00
1e3dB00	1e3dB00
1ew4A00	1ew4A00
1fgmA05	1fgmA05
1g9mG00	1g9mG00
1hkgA03	1hkgA03
1i72A00	1i72A00
1j3bA02	1j3bA02
1jqvA02	1jqvA02
1kicB00	1kicB00
1lqvB00	1lqvB00
1nqzA00	1nqzA00
1p49A01	1p49A01
1qhdA02	1qhdA02
1rsgB02	1rsgB02
1t3dA01	1t3dA01
1u14A00	1u14A00
1uw0A01	1uw0A01
1vr9A01	1vr9A01
1wqlA01	1wqlA01
1yp2D01	1yp2D01
2ae4A00	2ae4A00
2bx9A00	2bx9A00
2e0iD03	2e0iD03
2gagA02	2gagA02
2i0oA00	2i0oA00
2iujA02	2iujA02
2nqlA02	2nqlA02
2ob5A00	2ob5A00
2pggA01	2pggA01
2qbuA02	2qbuA02
2uubR00	2uubR00
2wg7A00	2wg7A00
2x9jA00	2x9jA00
2zkgC00	2zkgC00
3b0nA03	3b0nA03
3bwgA02	3bwgA02
3danA00	3danA00
3ezmA00	3ezmA00
3gxhA00	3gxhA00
3i5dA02	3i5dA02
3kusB01	3kusB01
3m4rA01	3m4rA01
3nq0A00	3nq0A00
3pvjB00	3pvjB00
3rgzA01	3rgzA01
3rgzA01	3rgzA01
3stoA01	3stoA01
3va7A04	3va7A04
3zuxA00	3zuxA00
4bpuC00	4bpuC00
4dveA00	4dveA00
4epaA00	4epaA00
4gaaA03	4gaaA03
4jerA00	4jerA00
4kvkA00	4kvkA00
4o95A01	4o95A01
4uobA01	4uobA01
4z42A00	4z42A00
5aycA00	5aycA00
5dnoA00	5dnoA00
5fqdE02	5fqdE02
5o5jD01	5o5jD01
5vb9A01	5vb9A01
6aqjA02	6aqjA02
6fkfB03	6fkfB03
6ms8C01	6ms8C01
6u5uG02	6u5uG02
1vq8X00	1vq8X00
1wqlA01	1wqlA01
1yp2D01	1yp2D01
2a74A06	2a74A06
2bw0A02	2bw0A02
2e0iD03	2e0iD03
2g2cA00	2g2cA00
2hw0A00	2hw0A00
2irvB00	2irvB00
