1_10_1520 1vw4501.pdb 5167,5170,5171,5175,5195,5270,5278,5279,5280
1_10_1520 1vw4900.pdb 9146,9149,9150,9154,9174
1_10_3460 2o01200.pdb 240,247,259,280,290,291,293,298,2120,2152,2162,2168,2170,2171,2172,2173,2174,2175,2176,2178,2183,2185,2190
1_10_3460 7blz301.pdb 363,370,382,3103,3113,3114,3116,3121,3143,3155,3165,3171,3173,3174,3175,3176,3177,3178,3179,3181
1_10_443 1ae9A00.pdb A233,A265
1_10_443 2a3vA02.pdb A151,A183,A304
1_10_645 3iam400.pdb 452,465,467,477,478,480,485,488,495,497,499,4100,4102,4106,4108,4109,4110,4113,4123,4126,4129,4130,4132,4142,4149,4153,4154,4256,4260,4267,4268,4269,4276,4287,4296,4320
1_20_190 4d8mA01.pdb A219,A270,A315
2_10_109 1b12C01.pdb C281,C304
2_102_10 2jo6A00.pdb A75,A107
2_10_60 1ks6A00.pdb A52,A73
2_10_60 2pjyC00.pdb C60,C81
2_30_170 2j01100.pdb 142,153,168
2_40_100 5ex2A01.pdb A181,A210,A233
3_10_440 1vx7700.pdb 721,722,723,725,728,730,733,734,735,736,737,738,739,741,742,743,744,764,765,767,768,769,771,772,773,775,777,779
3_10_580 2d4zB00.pdb B600,B769
3_10_580 2qrdE01.pdb E75,E171
3_20_70 1h16A00.pdb A590,A752
3_20_70 2y8nA00.pdb A618,A780
3_30_1120 1e33P02.pdb P419,P470
3_30_1240 1nrwA02.pdb A142,A178
3_30_1240 1rkqA02.pdb A149,A185
3_30_1240 2hf2B02.pdb B145,B182
3_30_1240 3fzqA02.pdb A145,A182
3_30_1640 6u0m201.pdb 2214,2217,2218,2221,2238,2242,2253,2260,2269,2270,2281,2283
3_30_1640 6u0m401.pdb 4201,4204,4205,4208,4233,4237,4248,4255,4264,4265,4276,4278,4297
3_30_1640 6u0m601.pdb 6115,6118,6119,6122,6139,6143,6154,6161,6170,6171,6182,6184,6268
3_30_190 4wweA01.pdb A167,A169,A171,A172
3_30_190 4wwtA01.pdb A167,A169,A171,A172
3_30_30 2kbkA00.pdb A39,A53
3_30_30 2kyqA00.pdb A40,A54
3_30_43 2exrA01.pdb A492,A522
3_30_500 4pdcE00.pdb E4,E107
3_30_980 7qh7701.pdb 7143,7144,7147,7174,7181,7182,7183
3_55_50 6rwk001.pdb 047,048,049,050,052,054,055,056,058,059,062,066,069,073,075,082,087,089,094,095,099,0103
3_90_226 1uyvB02.pdb B2021,B2172
3_90_226 2f9iC00.pdb C224,C291
3_90_226 2w3pA01.pdb A216,A513
3_90_226 3bptA00.pdb A243,A312
3_90_226 3gf3A03.pdb A498,A572
3_90_226 4asiF03.pdb F2150,F2217
3_90_226 4b3hB01.pdb B199,B266
3_90_228 4gv2A02.pdb A424,A487,A504
3_90_280 1vw4102.pdb 1160,1165,1166,1172,1174,1175,1176,1179,1190,1196,1204,1208,1221,1224,1226,1227,1228,1231,1232,1233,1235,1247,1248,1250,1254,1255,1256,1268,1272,1286,1287,1288,1289,1291,1294,1296,1298,1299,1303,1305,1307,1328,1331,1333,1338,1340,1341,1347,1351,1354,1358,1359,1360
3_90_470 5oomT00.pdb T94,T201
3_90_660 1b37A02.pdb A399,A409
3_90_660 1rsgB02.pdb B356,B366
3_90_660 2vvlA02.pdb A408,A418
3_90_79 3bm4A00.pdb A162,A195
3_90_79 3qsjA00.pdb A153,A187
3_90_79 5r4qA01.pdb A184,A217
