4qg3A01	4qg3A01
4qg3A01	4udqA02
4qg3A01	8b6jb01
4qzvB02	4qzvB02
4tpuA02	4tpuA02
4u6rA03	4u6rA03
4uf0A03	4uf0A03
4ui7C00	4ui7C00
4uobA01	4uobA01
4uscA02	4uscA02
4wfoA03	4wfoA03
4wi0B02	4wi0B02
4x2cA00	4x2cA00
4y42A01	4y42A01
4z42A00	4z42A00
4z9cA00	4z9cA00
4z9eA00	4z9eA00
4z9eA00	5oomT00
4z9eA00	1tkeA02
4z9eA00	2j63A00
4z9eA00	5exeB01
4z9eA00	2qbuA02
4z9eA00	2xzmC02
4z9eA00	4b2jA00
5a0zD00	5a0zD00
5a5gA03	5a5gA03
5aj3P00	5aj3P00
5aj3P00	2yzyA00
5aj3P00	4bg7A00
5aj3P00	1dwnA00
5aycA00	5aycA00
5aycA00	6dw1D00
5aycA00	3lp9A00
5aycA00	2ej8B00
5aycA00	4aygB01
5aycA00	2vhjA02
5az7A01	5az7A01
5az7A01	3pvuA02
5b1aJ00	5b1aJ00
5b1aM00	5b1aM00
5b66B02	5b66B02
5b66O02	5b66O02
5do9A02	5do9A02
5douA01	5douA01
5ex0A01	5ex0A01
5ex0A01	1hn0A04
5ex0A01	2qm4A01
5ex0A01	2h21B01
5f28B00	5f28B00
5fclE01	5fclE01
5fclE01	2ahuA01
5fcyA00	5fcyA00
5fcyA00	1pbwB00
5fqdE02	5fqdE02
5fqdE02	3winD00
5g5gC03	5g5gC03
5g5gC03	2zgiD02
5hpsA01	5hpsA01
5hzzC00	5hzzC00
5i50B00	5i50B00
5jm6A02	5jm6A02
5kbpA01	5kbpA01
5kshB01	5kshB01
5m88A01	5m88A01
5mmiY00	5mmiY00
5mmiY00	2iuoA02
5mmiY00	3jamV00
5o5jD01	5o5jD01
5omvA01	5omvA01
5ublA02	5ublA02
5vb9A01	5vb9A01
5wkrA02	5wkrA02
5x8tF00	5x8tF00
5y5sH02	5y5sH02
5ykjA02	5ykjA02
5yq8A00	5yq8A00
5z3gF02	5z3gF02
5z62K00	5z62K00
5zdkA01	5zdkA01
6at4A03	6at4A03
6at4A03	4ekfA00
6dlyA03	6dlyA03
6dlyA03	1dmlA00
6duxB02	6duxB02
6ekzA00	6ekzA00
6escA05	6escA05
6ethA04	6ethA04
6fkfB03	6fkfB03
6fkfB03	4xd7C03
6gyyA00	6gyyA00
6gyzA03	6gyzA03
6hqfB03	6hqfB03
6k0oA00	6k0oA00
6k93A00	6k93A00
6liuC02	6liuC02
6liuC02	1qhdA02
6liuC02	4wz8B02
6mihA02	6mihA02
6ng3A01	6ng3A01
6nirC02	6nirC02
6nirC02	1fm2B03
6nirC02	1r74B01
6nirC02	1rerA01
6nirC02	2hg0A03
6o3bH00	6o3bH00
6oqrR00	6oqrR00
6ospA01	6ospA01
6ozwA04	6ozwA04
6ppfZ00	6ppfZ00
6qb8Q02	6qb8Q02
6ra3A02	6ra3A02
6ruiB08	6ruiB08
6rwk001	6rwk001
6u0m601	6u0m601
6u5uG02	6u5uG02
6vvoC03	6vvoC03
6x6uA02	6x6uA02
6xj6A01	6xj6A01
6yttA03	6yttA03
6zxfP01	6zxfP01
7clgA01	7clgA01
7clgA01	1ti2A03
7clgA01	1wqlA01
7clgA01	6aefA01
7clgA01	7du3B01
7clgA01	4efiA00
7clgA01	1vkpB00
7clgA01	1vl2D02
7clgA01	3c0tA00
7clgA01	2bvfA03
7clgA01	2owmA00
7clgA01	2x9jA00
7clgA01	3hzhB00
7clgA01	4gf3A00
7clgA01	3qaeA01
7clgA01	5u81A01
7clgA01	6wl5A01
7clgA01	5t17A00
7clgA01	3devA02
7d27A01	7d27A01
7ddqb01	7ddqb01
7dpiB01	7dpiB01
7e1wB01	7e1wB01
7eg1A01	7eg1A01
7ekoO01	7ekoO01
7jv7B01	7jv7B01
7mqvC02	7mqvC02
7mqvC02	1ekuB02
7nnlB01	7nnlB01
7oodf01	7oodf01
7qydA01	7qydA01
7rdbV01	7rdbV01
7rh5M01	7rh5M01
7uwrA02	7uwrA02
7v3gA02	7v3gA02
7wdtA02	7wdtA02
7wzwF01	7wzwF01
7xfdA01	7xfdA01
7xffF01	7xffF01
8bebC02	8bebC02
8bveA02	8bveA02
8c4aA01	8c4aA01
8c4aA01	4c9bB00
8c4aA01	5dllA05
8eefB01	8eefB01
8etcR01	8etcR01
8p4iG01	8p4iG01
8p4iG01	2k6hA01
153lA00	153lA00
1a1vA03	1a1vA03
1a39A00	1a39A00
1adeA03	1adeA03
1adeA03	3oeeP02
1am2A00	1am2A00
1am2A00	1fod100
1am2A00	3fq3A00
1aorA01	1aorA01
1ap8A00	1ap8A00
1at3A00	1at3A00
1b65A00	1b65A00
1bccF00	1bccF00
1bgwA03	1bgwA03
1bi6H00	1bi6H00
1bikA00	1bikA00
1bo1A02	1bo1A02
1bo7A00	1bo7A00
1bo7A00	3stoA01
1bo7A00	3l0aA00
1bo7A00	7whgG02
1by1A00	1by1A00
1by1A00	2efkA01
1by1A00	1epwA02
1by1A00	1yc9A01
1by1A00	8hmpR01
1by1A00	8iprA01
1byfA00	1byfA00
1c8dA00	1c8dA00
1c8dA00	4v1ab01
1cf7B00	1cf7B00
1cf7B00	1b10A00
1chhA00	1chhA00
1cmbA00	1cmbA00
1crkA02	1crkA02
1crkA02	1i72A00
1cseI00	1cseI00
1cz4A02	1cz4A02
1cz4A02	5iznA00
1d0cA03	1d0cA03
1d4m400	1d4m400
1d66A00	1d66A00
1ddqC02	1ddqC02
1dk8A01	1dk8A01
1dqaD01	1dqaD01
1e0tA03	1e0tA03
1e1hA00	1e1hA00
1e50B00	1e50B00
1e6dM01	1e6dM01
1eakA01	1eakA01
1efyA01	1efyA01
1eo0A00	1eo0A00
1ep3B01	1ep3B01
1ep3B01	1qynD00
1ep3B01	2c2iA00
1ep3B01	6xrbA01
1ep3B01	1wpuA00
1ex0B02	1ex0B02
1eysC02	1eysC02
1eysH01	1eysH01
1f0lA01	1f0lA01
1ffvC03	1ffvC03
1fgmA05	1fgmA05
1fs0E01	1fs0E01
1fs0E01	1na6A01
1fuiA02	1fuiA02
1fv1B01	1fv1B01
1g9gA02	1g9gA02
1gmnB01	1gmnB01
1gmuA02	1gmuA02
1gteA02	1gteA02
1h54A03	1h54A03
1h5wB03	1h5wB03
1h8pA01	1h8pA01
1hbkA00	1hbkA00
1hi8A04	1hi8A04
1hkgA03	1hkgA03
1hqiA00	1hqiA00
1hqmD05	1hqmD05
1hqvA00	1hqvA00
1hzmA00	1hzmA00
1i1iP02	1i1iP02
1i1iP02	1t7pA02
1i1iP02	2n1hA00
1i1iP02	1dmxA00
1i1iP02	3l20A00
1i1iP02	4qbnA00
1i2dA02	1i2dA02
1i6vA02	1i6vA02
1i71A00	1i71A00
1i7dA03	1i7dA03
1i7dA03	1k90A02
1i7dA03	9paiA02
1i7dA03	1bqgA01
1i7dA03	5gvyA00
1i7dA03	6cazA00
1i7dA03	1fuiA03
1i7dA03	2d1sA01
1i7dA03	2pn1A03
1i7dA03	4jgwA01
1i7dA03	2qh9A00
1i94M02	1i94M02
1ireA00	1ireA00
1is8A01	1is8A01
1isuA00	1isuA00
1iweA02	1iweA02
1iwpG02	1iwpG02
1j2zA02	1j2zA02
1j33A01	1j33A01
1j3bA02	1j3bA02
1j5sA02	1j5sA02
1jb0A00	1jb0A00
1jeyA04	1jeyA04
1jf5A03	1jf5A03
1jg5A00	1jg5A00
1jg5A00	1r3eA01
1jg5A00	2hf2B02
1jg5A00	1e7uA04
1jj2A03	1jj2A03
1jqvA02	1jqvA02
1k8kA02	1k8kA02
1khbA01	1khbA01
1khcA02	1khcA02
1l1yA03	1l1yA03
1l6hA00	1l6hA00
1lwuB02	1lwuB02
1m7vA02	1m7vA02
1maeL00	1maeL00
1mg7A02	1mg7A02
1mgrA00	1mgrA00
1mjtB01	1mjtB01
1mpxA02	1mpxA02
1mqsA03	1mqsA03
1mqsA03	2iaiA02
1n0uA03	1n0uA03
1n0uA03	1ja1A03
1nhlA00	1nhlA00
1nogA00	1nogA00
1nogA00	3pwxA01
1nogA00	2ddhA03
1nogA00	1f1eA00
1nqzA00	1nqzA00
1nxuA01	1nxuA01
1of9A00	1of9A00
1ogoX02	1ogoX02
1ogoX02	3rgzA01
1ohgA02	1ohgA02
1ok8A02	1ok8A02
1os6A00	1os6A00
1p1eA00	1p1eA00
1p2eA02	1p2eA02
1p3hB00	1p3hB00
1p3hB00	3pi7A01
1p3hB00	3va7A04
1p3hB00	5fqdB01
1p49A01	1p49A01
1p7gH02	1p7gH02
1p9bA01	1p9bA01
1pcpA01	1pcpA01
1phzA00	1phzA00
1phzA00	2hw0A00
1phzA00	6jbzA00
1phzA00	3l4gB02
1phzA00	1ff3A00
1phzA00	2yxxA01
1phzA00	4xk8d00
1ppjI00	1ppjI00
1prrA02	1prrA02
1q16A13	1q16A13
1qf8B02	1qf8B02
1qklA00	1qklA00
1r12A01	1r12A01
1rozB00	1rozB00
1rsgB02	1rsgB02
1ruyH02	1ruyH02
1ruyH02	1sva400
1ruyH02	3pvjB00
1ruyH02	5tipA01
1ruyH02	1kshB00
1ruyH02	2we2A01
1rv0H01	1rv0H01
1rxxA02	1rxxA02
1sq1A00	1sq1A00
1sqgA01	1sqgA01
1sqgA01	3e2cA00
1sqgA01	1gu9C00
1sqgA01	4l9mA02
1sqgA01	6aqjA02
1t3dA01	1t3dA01
1t92A01	1t92A01
1tbpA01	1tbpA01
1tgrA00	1tgrA00
1ti8B00	1ti8B00
1tmxB00	1tmxB00
1u9tA01	1u9tA01
1u9tA01	1fouA02
1u9tA01	3dmeA02
1u9tA01	3la4A03
1ub1A00	1ub1A00
1ub2A01	1ub2A01
1ub2A01	1vnsA01
1ub2A01	3levA00
1ub2A01	1sigA00
1ue0A00	1ue0A00
1ufvA02	1ufvA02
1uurA04	1uurA04
1uw0A01	1uw0A01
1v54I00	1v54I00
1v54I00	5b1aG00
1v54I00	5z62L00
1vioA01	1vioA01
1vkaB00	1vkaB00
1vq8200	1vq8200
1vq8L01	1vq8L01
1vq8M00	1vq8M00
1vq8M00	4trkA00
1vq8W02	1vq8W02
1vq8X00	1vq8X00
1vr9A01	1vr9A01
1vr9A01	6n7eD01
1vw4G00	1vw4G00
1vw4L01	1vw4L01
1vw4L01	1azoA00
1vwxI02	1vwxI02
1vwxS01	1vwxS01
1vwxm00	1vwxm00
1vx7a01	1vx7a01
1w36C04	1w36C04
1wpeA01	1wpeA01
1wxcB01	1wxcB01
1wxcB01	2b2cA01
1xdyG00	1xdyG00
1y1fX00	1y1fX00
1yagA04	1yagA04
1yf3A02	1yf3A02
1yk3B00	1yk3B00
1yq9A02	1yq9A02
1yy9A04	1yy9A04
1z8fA02	1z8fA02
1zlhB02	1zlhB02
1znvA00	1znvA00
1zruC01	1zruC01
1zu1A02	1zu1A02
2a0jA00	2a0jA00
2a3vA02	2a3vA02
2a6hC03	2a6hC03
2a6hC03	2nvuC01
2a6hC04	2a6hC04
2a74A06	2a74A06
2ae4A00	2ae4A00
2au3A03	2au3A03
2au3A03	2b3yA05
2au3A03	3zzmA02
2au3A03	1ez0B01
2au3A03	4zi6C01
2bb0A01	2bb0A01
2bw0A02	2bw0A02
2bx9A00	2bx9A00
2cjaA02	2cjaA02
2cjaA02	1w5dA01
2cjlA02	2cjlA02
2cx6A00	2cx6A00
2dhhA05	2dhhA05
2e0iD03	2e0iD03
2e45A01	2e45A01
2f5zK00	2f5zK00
2fi1A02	2fi1A02
2fp1B00	2fp1B00
2fp1B00	3gxvB00
2fp1B00	3vbbE01
2fy9A00	2fy9A00
2gttC01	2gttC01
2hdzA00	2hdzA00
2hoxA02	2hoxA02
2hr7B01	2hr7B01
2i9bG02	2i9bG02
2ig6A00	2ig6A00
2ig6A00	6ms8C01
2ig6A00	1r6zA03
2ig6A00	4h7wA00
2ig6A00	1i7qA00
2ig6A00	2ilxA00
2ii2A04	2ii2A04
2irvB00	2irvB00
2iujA02	2iujA02
2l3fA00	2l3fA00
2l4lA00	2l4lA00
2lenA00	2lenA00
2m7fA00	2m7fA00
2m9wA00	2m9wA00
2n80A00	2n80A00
2nrjA01	2nrjA01
2nrjA01	1khoA01
2nrjA01	2felA00
2nrjA01	7bjtA01
2nrjA01	1e3dB00
2nrjA01	2ipcA04
2nrjA01	2wocA00
2nrjA01	3ayfA01
2nrjA01	1kplA00
2nrjA01	3zuxA00
2nrjA01	2nwlC00
2nrjA01	5o5jG01
2o01200	2o01200
2o34A00	2o34A00
2o34A00	2i0oA00
2o34A00	1te5A00
2o34A00	5c0uA00
2o5cB02	2o5cB02
2ob5A00	2ob5A00
2obsA01	2obsA01
2odyA00	2odyA00
2oy7A02	2oy7A02
2oy7A02	1ew4A00
2oy7A02	1xf1A05
2oy7A02	5dmsA02
2pbiA03	2pbiA03
2pbiA03	5b1aD00
2pggA01	2pggA01
2pidA02	2pidA02
2pmzB06	2pmzB06
2ptrA01	2ptrA01
2q2eB01	2q2eB01
2q2eB01	1ficB01
2q2eB01	1g9mG00
2q2eB01	2qlkA00
2q2eB01	1lkfA00
2q2eB01	1ulvA01
2q74A01	2q74A01
2q83A02	2q83A02
2q83A02	2qkwB02
2qcyA03	2qcyA03
2qtsA03	2qtsA03
2r0dA02	2r0dA02
2rcyA02	2rcyA02
2ruhA00	2ruhA00
2sliA03	2sliA03
2uubR00	2uubR00
2vfrA05	2vfrA05
2vlqB00	2vlqB00
2vq8A00	2vq8A00
2vqeN00	2vqeN00
2wdcA03	2wdcA03
2wdqD00	2wdqD00
2wg7A00	2wg7A00
2wscL00	2wscL00
2wtgA00	2wtgA00
2wu8A03	2wu8A03
2wvfA01	2wvfA01
2wvfA01	4fmrA02
2wvxA02	2wvxA02
2ww3A04	2ww3A04
2wzkA01	2wzkA01
2x1lB02	2x1lB02
2xi1B00	2xi1B00
2y4zA00	2y4zA00
2y69F00	2y69F00
2yimA02	2yimA02
2yu1A02	2yu1A02
2zkgC00	2zkgC00
2zxeA02	2zxeA02
2zxeA02	4a5hA00
2zxeA02	1ka2A00
2zxeA02	3hd6A00
3a3jA02	3a3jA02
3aahB00	3aahB00
3af5A02	3af5A02
3al9A02	3al9A02
3aqlA02	3aqlA02
3b0nA03	3b0nA03
3b0zB00	3b0zB00
3b7nA02	3b7nA02
3b7sA02	3b7sA02
3bjdA02	3bjdA02
3bjdA02	3b8oA01
3bkrA00	3bkrA00
3c5gB04	3c5gB04
3c7vB01	3c7vB01
3cbuA02	3cbuA02
3cbuA02	2c12A01
3cbuA02	3rv1B02
3cbuA02	5fj8A06
3cjsC00	3cjsC00
3thxB03	3thxB03
3thxB03	2bidA00
3thxB03	2q37A00
3tw6C02	3tw6C02
3u13A02	3u13A02
3u3lC00	3u3lC00
3u5eB01	3u5eB01
3u5nA02	3u5nA02
3ucsA00	3ucsA00
3uehA00	3uehA00
3v69B00	3v69B00
3v6zE00	3v6zE00
3vf2A03	3vf2A03
3vqjA00	3vqjA00
3w9iA04	3w9iA04
3zd7A03	3zd7A03
3zd7A03	4l1jB00
3zgzD01	3zgzD01
4a17J00	4a17J00
4a17J00	3rbjB00
4a17J00	5e4bA00
4a18L02	4a18L02
4akvB01	4akvB01
4asiF03	4asiF03
4at7B01	4at7B01
4aybB05	4aybB05
4b21A02	4b21A02
4b28A02	4b28A02
4b56B03	4b56B03
4b8nB00	4b8nB00
4b8vA03	4b8vA03
4b9kE00	4b9kE00
4bn4A02	4bn4A02
4bouA00	4bouA00
4bpuC00	4bpuC00
4c4aA04	4c4aA04
4cgxA00	4cgxA00
4do3A00	4do3A00
4dveA00	4dveA00
4dwaB00	4dwaB00
4e6yA03	4e6yA03
4ensA02	4ensA02
4ersA00	4ersA00
4f4oC01	4f4oC01
4fajA01	4fajA01
4fajA02	4fajA02
4fb9A02	4fb9A02
4fccA01	4fccA01
4fsxA03	4fsxA03
4fvmA05	4fvmA05
4g3hC00	4g3hC00
4g3hC00	5b46A01
4ga4A01	4ga4A01
4gaaA03	4gaaA03
4gaaA03	7mc0A01
4gqaB02	4gqaB02
4gqaB02	2pplA02
4gqaB02	3ezmA00
4gqaB02	1gwyA00
4gqaB02	2ahnA00
4gqaB02	2vfbA01
4griA03	4griA03
4gwmB03	4gwmB03
4gywA04	4gywA04
4hehA01	4hehA01
4hz9A00	4hz9A00
4i5sA01	4i5sA01
4iljA01	4iljA01
4iljA01	3m4rA01
4iljA01	4b28A01
4iljA01	7ylvg01
4iljA01	4e5sA02
4jcsA02	4jcsA02
4jerA00	4jerA00
4jmdA00	4jmdA00
4jmdA00	1lqvB00
4jmdA00	1hq6B00
4jmdA00	2x27X00
4jmdA00	4epaA00
4k71A06	4k71A06
4k7rA02	4k7rA02
4kcfA02	4kcfA02
4kvkA00	4kvkA00
4lcdA03	4lcdA03
4lcdA03	2vqxA01
4lkbE00	4lkbE00
4lkbE00	6sj5A01
4mb7A01	4mb7A01
4n3pB01	4n3pB01
4n3pB01	4u99B00
4n3pB01	2osoA00
4n3pB01	3n1sJ00
4n3pB01	3qy2A00
4n3pB01	7qssA01
4n3pB01	2gagA02
4n3pB01	5i2cA01
4nbiB00	4nbiB00
4nqwA01	4nqwA01
4nzcA02	4nzcA02
4o95A01	4o95A01
4ppfA02	4ppfA02
4q5wA02	4q5wA02
4q5wA02	4k8wA00
3cslA01	3cslA01
3cv2A02	3cv2A02
3d2fA02	3d2fA02
3d7jA00	3d7jA00
3d7jA00	3d2oA00
3d7jA00	5f3mA00
3danA00	3danA00
3dclA03	3dclA03
3do6A02	3do6A02
3dvhA00	3dvhA00
3dvhA00	4l8kA01
3e48B02	3e48B02
3eckA03	3eckA03
3fdfA02	3fdfA02
3foeA01	3foeA01
3g0mA00	3g0mA00
3g36B00	3g36B00
3g4nA01	3g4nA01
3g5oA01	3g5oA01
3g8rA02	3g8rA02
3gb5A00	3gb5A00
3gitB03	3gitB03
3glkA03	3glkA03
3gqnA03	3gqnA03
3gqnA03	1li1C00
3gxhA00	3gxhA00
3gxhA00	4v19F00
3gxhA00	6mjgA01
3gxhA00	2g2cA00
3gxhA00	1a05A00
3gxhA00	1l5xA00
3gxhA00	2ppwA00
3gxhA00	2nooA02
3gxhA00	3bczA00
3gxhA00	3hmbB00
3gxhA00	5yh1A01
3gxhA00	1kicB00
3gyxA02	3gyxA02
3h0gE01	3h0gE01
3hhwK02	3hhwK02
3hrzB01	3hrzB01
3i5dA02	3i5dA02
3i5dA02	2qtsA02
3ia8A00	3ia8A00
3ia8A00	5tkyA04
3ia8A00	5ukgA01
3ia8A00	1e2rA02
3ia8A00	1q7fB00
3ia8A00	1u4cB00
3ia8A00	3bwgA02
3ia8A00	3e4wA02
3ia8A00	3mezD00
3ia8A00	4cq7A00
3iefA02	3iefA02
3iqdB02	3iqdB02
3j7aW01	3j7aW01
3jamI03	3jamI03
3ju5A01	3ju5A01
3k6sD05	3k6sD05
3kcuD00	3kcuD00
3kcuD00	1j4zA01
3kgyA00	3kgyA00
3kgyA00	1yp2D01
3kgyA00	3snpA02
3kiuy00	3kiuy00
3kn6A01	3kn6A01
3kusB01	3kusB01
3kypE01	3kypE01
3lkmA02	3lkmA02
3lzkB00	3lzkB00
3md2A01	3md2A01
3mdoA02	3mdoA02
3memA01	3memA01
3n4jA00	3n4jA00
3n99I01	3n99I01
3n99I01	5dnoA00
3nb0B03	3nb0B03
3ne5B03	3ne5B03
3ne5B03	3tufB00
3nf2A00	3nf2A00
3nf2A00	2p7nA00
3nf2A00	6fzgA00
3nf2A00	1hbmA03
3nf2A00	4k84A00
3nq0A00	3nq0A00
3o8jA01	3o8jA01
3oocA01	3oocA01
3osnA02	3osnA02
3otxA02	3otxA02
3oymA04	3oymA04
3p3gA02	3p3gA02
3pnxA00	3pnxA00
3pnxA00	1khdD02
3pnxA00	1u14A00
3pnxA00	3w4sA00
3pnxA00	2d2rA00
3pnxA00	2imfA00
3pnxA00	3dmeA01
3pnxA00	1vx7K01
3pnxA00	2ve5C02
3pnxA00	2yvtA00
3pnxA00	2e9yB00
3pnxA00	2nqlA02
3pnxA00	3bv6A00
3po8A00	3po8A00
3qsvC00	3qsvC00
3rf7A02	3rf7A02
3rmxA02	3rmxA02
3s6lD00	3s6lD00
3smtA02	3smtA02
3sqgA01	3sqgA01
3srtA00	3srtA00
