C	A	T	Num_PDBs
3	40	50	1532
2	60	40	493
3	30	70	278
1	10	10	268
1	20	5	186
2	40	50	167
1	25	40	156
3	40	190	151
1	10	287	144
2	30	30	143
3	40	630	127
3	30	420	127
3	10	20	107
3	40	30	100
3	30	450	95
1	10	8	86
1	10	150	86
3	10	450	83
1	20	58	78
1	25	10	76
2	30	29	66
1	50	10	60
3	90	1150	59
1	10	357	55
1	10	238	54
2	80	10	53
3	30	200	50
2	40	30	49
3	30	160	48
3	30	470	46
3	30	40	45
3	10	129	44
2	160	20	43
3	90	550	41
3	30	360	40
3	30	1490	36
1	20	1050	36
3	30	230	35
3	30	1330	35
1	10	260	35
2	20	25	34
2	10	25	33
3	40	47	32
3	30	930	32
1	10	510	32
3	30	300	30
3	40	710	29
3	30	1360	28
3	10	180	28
3	90	79	26
3	90	226	26
1	20	1260	26
3	60	15	24
3	90	70	23
3	30	60	23
2	40	40	23
2	30	110	23
1	10	760	23
1	10	533	23
2	60	200	22
1	10	472	22
3	30	9	21
1	20	140	21
3	60	20	20
1	10	20	20
1	10	1200	20
3	40	390	19
3	30	1370	19
1	10	1040	19
3	90	1200	18
3	40	140	18
3	10	50	18
1	10	530	18
3	10	310	17
3	50	30	16
3	30	310	16
2	30	40	16
2	10	70	16
1	20	1070	16
1	10	490	16
3	90	25	15
3	40	220	15
3	30	465	15
2	40	70	15
2	30	42	15
1	10	3210	15
1	10	246	15
1	10	1220	15
1	10	12	15
3	90	180	14
3	40	720	14
3	40	250	14
3	40	120	14
3	10	580	14
2	160	10	14
3	40	1350	13
3	40	109	13
2	10	60	13
3	60	10	12
3	40	20	12
3	30	30	12
3	10	110	12
3	10	100	12
2	40	170	12
2	10	90	12
1	10	630	12
1	10	437	12
1	10	220	12
3	40	350	11
3	40	1280	11
3	30	750	11
3	30	505	11
3	30	43	11
3	10	28	11
1	20	910	11
1	20	1280	11
1	10	620	11
3	90	1720	10
3	40	1160	10
3	30	428	10
2	30	130	10
2	20	28	10
1	20	272	10
1	10	540	10
1	10	40	10
4	10	80	9
4	10	410	9
3	75	10	9
3	40	1390	9
3	30	710	9
3	30	379	9
3	30	365	9
3	10	290	9
2	40	240	9
2	20	70	9
2	10	50	9
1	20	1300	9
1	20	1290	9
1	10	340	9
1	10	132	9
6	10	250	8
6	10	140	8
4	10	470	8
4	10	280	8
3	90	660	8
3	90	176	8
3	90	1310	8
3	60	40	8
3	40	800	8
3	40	470	8
3	40	430	8
3	40	366	8
3	40	1380	8
3	40	1170	8
3	30	950	8
3	30	500	8
3	30	110	8
3	20	70	8
3	10	150	8
2	60	260	8
2	102	10	8
1	20	920	8
1	10	418	8
1	10	1410	8
3	90	380	7
3	60	130	7
3	40	91	7
3	40	80	7
3	40	605	7
3	40	33	7
3	30	540	7
3	30	413	7
3	30	1300	7
2	60	220	7
2	40	37	7
2	40	110	7
2	20	20	7
1	20	80	7
1	20	1090	7
1	10	405	7
1	10	1760	7
1	10	1740	7
1	10	110	7
4	10	1240	6
3	90	650	6
3	90	230	6
3	90	1300	6
3	50	4	6
3	40	718	6
3	40	525	6
3	40	309	6
3	40	1410	6
3	40	1310	6
3	40	1110	6
3	40	1010	6
3	30	590	6
3	30	190	6
3	30	1680	6
3	30	1520	6
3	30	1240	6
3	30	1120	6
3	30	1050	6
3	20	80	6
3	10	330	6
2	70	40	6
2	60	20	6
2	40	100	6
2	30	39	6
2	170	16	6
2	10	110	6
2	10	10	6
1	20	890	6
1	20	85	6
1	20	200	6
1	10	565	6
1	10	390	6
1	10	3290	6
1	10	275	6
1	10	240	6
1	10	1670	6
1	10	1420	6
1	10	1280	6
3	90	960	5
3	90	940	5
3	90	850	5
3	90	76	5
3	90	700	5
3	90	470	5
3	90	400	5
3	90	228	5
3	90	120	5
3	90	10	5
3	65	10	5
3	50	7	5
3	40	830	5
3	40	225	5
3	40	1620	5
3	30	900	5
3	30	499	5
3	30	497	5
3	30	260	5
3	30	2310	5
3	20	10	5
3	100	10	5
2	70	70	5
2	70	160	5
2	60	210	5
2	40	260	5
2	170	210	5
2	10	260	5
2	10	220	5
1	20	970	5
1	20	960	5
1	20	59	5
1	20	190	5
1	10	520	5
1	10	486	5
1	10	443	5
1	10	420	5
1	10	375	5
1	10	30	5
1	10	225	5
1	10	1780	5
1	10	167	5
1	10	1520	5
4	10	240	4
4	10	170	4
3	90	640	4
3	90	1280	4
3	90	1210	4
3	90	110	4
3	60	120	4
3	50	80	4
3	40	5	4
3	40	420	4
3	40	395	4
3	40	228	4
3	40	1570	4
3	40	1550	4
3	40	1370	4
3	40	1360	4
3	40	1050	4
3	30	980	4
3	30	700	4
3	30	56	4
3	30	2320	4
3	30	1640	4
3	30	1450	4
3	20	190	4
3	10	250	4
2	70	130	4
2	40	330	4
2	30	170	4
2	10	109	4
1	20	930	4
1	20	20	4
1	20	1310	4
1	10	940	4
1	10	840	4
1	10	730	4
1	10	645	4
1	10	60	4
1	10	45	4
1	10	3720	4
1	10	274	4
1	10	1170	4
1	10	1130	4
1	10	101	4
6	20	50	3
4	10	60	3
4	10	320	3
4	10	110	3
3	90	920	3
3	90	870	3
3	90	830	3
3	90	740	3
3	90	730	3
3	90	280	3
3	90	210	3
3	90	175	3
3	90	1600	3
3	90	1580	3
3	90	1240	3
3	90	1110	3
3	80	20	3
3	60	70	3
3	55	50	3
3	50	70	3
3	40	930	3
3	40	850	3
3	40	600	3
3	40	570	3
3	40	367	3
3	40	1500	3
3	30	50	3
3	30	2130	3
3	30	1540	3
3	30	1440	3
3	30	1390	3
3	30	1140	3
3	10	590	3
3	10	520	3
3	10	440	3
3	10	350	3
3	10	320	3
3	10	170	3
3	10	130	3
2	70	20	3
2	70	170	3
2	70	150	3
2	60	34	3
2	40	440	3
2	40	420	3
2	40	300	3
2	40	180	3
2	30	38	3
2	30	140	3
2	30	120	3
2	20	200	3
2	170	150	3
2	170	130	3
2	170	120	3
2	150	10	3
2	110	10	3
2	10	77	3
2	10	69	3
2	10	210	3
1	20	990	3
1	20	91	3
1	20	810	3
1	20	144	3
1	20	1440	3
1	10	860	3
1	10	640	3
1	10	579	3
1	10	3090	3
1	10	268	3
1	10	245	3
1	10	1660	3
1	10	1530	3
1	10	1450	3
1	10	1400	3
1	10	1270	3
1	10	1240	3
4	10	950	2
4	10	91	2
4	10	910	2
4	10	830	2
4	10	70	2
4	10	640	2
4	10	530	2
4	10	520	2
4	10	490	2
4	10	260	2
4	10	220	2
3	90	80	2
3	90	800	2
3	90	780	2
3	90	770	2
3	90	56	2
3	90	45	2
3	90	420	2
3	90	260	2
3	90	215	2
3	90	20	2
3	90	199	2
3	90	1800	2
3	90	1420	2
3	90	105	2
3	90	1010	2
3	50	20	2
3	40	449	2
3	40	1690	2
3	40	1650	2
3	30	890	2
3	30	760	2
3	30	720	2
3	30	63	2
3	30	410	2
3	30	370	2
3	30	2160	2
3	30	2090	2
3	30	20	2
3	30	2010	2
3	30	1740	2
3	30	1660	2
3	30	1550	2
3	30	1350	2
3	30	1340	2
3	30	1320	2
3	30	1020	2
3	30	10	2
3	10	560	2
3	10	430	2
3	10	400	2
3	10	200	2
3	10	120	2
3	10	10	2
2	90	10	2
2	60	420	2
2	60	270	2
2	60	15	2
2	40	220	2
2	40	20	2
2	40	150	2
2	20	210	2
2	20	130	2
2	170	8	2
2	170	30	2
2	170	220	2
1	25	50	2
1	20	90	2
1	20	900	2
1	20	840	2
1	20	1710	2
1	20	1640	2
1	20	142	2
1	20	1320	2
1	20	1200	2
1	20	1180	2
1	20	1120	2
1	20	1080	2
1	20	1060	2
1	10	800	2
1	10	580	2
1	10	575	2
1	10	569	2
1	10	560	2
1	10	555	2
1	10	489	2
1	10	468	2
1	10	455	2
1	10	400	2
1	10	3930	2
1	10	3610	2
1	10	3520	2
1	10	3460	2
1	10	3420	2
1	10	3330	2
1	10	3130	2
1	10	3060	2
1	10	3020	2
1	10	2020	2
1	10	1900	2
1	10	1610	2
1	10	1600	2
1	10	1390	2
1	10	1370	2
1	10	1330	2
1	10	1300	2
1	10	1160	2
1	10	1070	2
1	10	1060	2
1	10	1050	2
6	20	410	1
6	20	370	1
6	20	340	1
6	20	320	1
6	20	20	1
6	10	260	1
6	10	240	1
6	10	20	1
4	10	990	1
4	10	960	1
4	10	95	1
4	10	93	1
4	10	870	1
4	10	81	1
4	10	540	1
4	10	51	1
4	10	49	1
4	10	480	1
4	10	375	1
4	10	372	1
4	10	160	1
4	10	140	1
4	10	1270	1
4	10	1180	1
4	10	1060	1
3	90	540	1
3	90	520	1
3	90	50	1
3	90	440	1
3	90	390	1
3	90	340	1
3	90	330	1
3	90	1760	1
3	90	1730	1
3	90	170	1
3	90	1430	1
3	90	1260	1
3	90	1230	1
3	90	1180	1
3	90	1100	1
3	90	1070	1
3	90	1030	1
3	60	9	1
3	55	40	1
3	40	532	1
3	40	440	1
3	40	275	1
3	40	1810	1
3	40	1700	1
3	40	1510	1
3	40	1470	1
3	40	1340	1
3	40	1210	1
3	40	1120	1
3	30	920	1
3	30	860	1
3	30	810	1
3	30	800	1
3	30	740	1
3	30	67	1
3	30	62	1
3	30	46	1
3	30	387	1
3	30	280	1
3	30	250	1
3	30	2410	1
3	30	2140	1
3	30	210	1
3	30	2080	1
3	30	2050	1
3	30	1950	1
3	30	1880	1
3	30	170	1
3	30	1700	1
3	30	1650	1
3	30	1600	1
3	30	1510	1
3	30	1500	1
3	30	1430	1
3	30	1410	1
3	30	1230	1
3	30	1160	1
3	30	1110	1
3	30	1060	1
3	20	200	1
3	20	16	1
3	20	14	1
3	10	680	1
3	10	600	1
3	10	410	1
3	10	40	1
3	10	25	1
2	70	100	1
2	60	520	1
2	60	410	1
2	60	30	1
2	60	11	1
2	40	510	1
2	40	500	1
2	40	460	1
2	40	340	1
2	40	33	1
2	40	270	1
2	40	250	1
2	30	60	1
2	30	36	1
2	30	33	1
2	30	280	1
2	30	270	1
2	30	26	1
2	30	250	1
2	30	150	1
2	170	40	1
2	170	240	1
2	170	190	1
2	170	160	1
2	170	15	1
2	102	30	1
2	10	150	1
1	20	82	1
1	20	245	1
1	20	1610	1
1	20	1540	1
1	20	1370	1
1	20	1240	1
1	20	1220	1
1	20	1130	1
1	10	890	1
1	10	820	1
1	10	790	1
1	10	750	1
1	10	720	1
1	10	460	1
1	10	442	1
1	10	439	1
1	10	4090	1
1	10	3730	1
1	10	3590	1
1	10	3570	1
1	10	3270	1
1	10	300	1
1	10	290	1
1	10	286	1
1	10	285	1
1	10	230	1
1	10	210	1
1	10	2090	1
1	10	2000	1
1	10	196	1
1	10	1840	1
1	10	168	1
1	10	1650	1
1	10	1620	1
1	10	1510	1
1	10	15	1
1	10	140	1
1	10	135	1
1	10	1350	1
1	10	1090	1
1	10	1030	1
1	10	1020	1
1	10	100	1
1	10	1000	1

