153lA00	153lA00
1a05A00	1a05A00
1a1vA03	1a1vA03
1a39A00	1a39A00
1adeA03	1adeA03
1am2A00	1am2A00
1aorA01	1aorA01
1ap8A00	1ap8A00
1at3A00	1at3A00
1azoA00	1azoA00
1b10A00	1b10A00
1b65A00	1b65A00
1bccF00	1bccF00
1bgwA03	1bgwA03
1bi6H00	1bi6H00
1bikA00	1bikA00
1bo1A02	1bo1A02
1bo7A00	1bo7A00
1bqgA01	1bqgA01
1by1A00	1by1A00
1byfA00	1byfA00
1c8dA00	1c8dA00
1cf7B00	1cf7B00
1chhA00	1chhA00
1cmbA00	1cmbA00
1crkA02	1crkA02
1cseI00	1cseI00
1cz4A02	1cz4A02
1d0cA03	1d0cA03
1d4m400	1d4m400
1d66A00	1d66A00
1ddqC02	1ddqC02
1dk8A01	1dk8A01
1dmxA00	1dmxA00
1dqaD01	1dqaD01
1dwnA00	1dwnA00
1e0tA03	1e0tA03
1e1hA00	1e1hA00
1e2rA02	1e2rA02
1e2rA02	1q7fB00
1e2rA02	1u4cB00
1e2rA02	3lp9A00
1e2rA02	5aycA00
1e3dB00	1e3dB00
1e50B00	1e50B00
1e6dM01	1e6dM01
1e7uA04	1e7uA04
1eakA01	1eakA01
1efyA01	1efyA01
1ekuB02	1ekuB02
1eo0A00	1eo0A00
1ep3B01	1ep3B01
1epwA02	1epwA02
1ew4A00	1ew4A00
1ex0B02	1ex0B02
1eysC02	1eysC02
1eysH01	1eysH01
1ez0B01	1ez0B01
1f0lA01	1f0lA01
1f1eA00	1f1eA00
1ff3A00	1ff3A00
1ffvC03	1ffvC03
1fgmA05	1fgmA05
1ficB01	1ficB01
1fm2B03	1fm2B03
1fm2B03	2iuoA02
1fod100	1fod100
1fouA02	1fouA02
1fs0E01	1fs0E01
1fuiA02	1fuiA02
1fuiA03	1fuiA03
1fv1B01	1fv1B01
1fv1B01	1lqvB00
1g9gA02	1g9gA02
1g9mG00	1g9mG00
1gmnB01	1gmnB01
1gmuA02	1gmuA02
1gteA02	1gteA02
1gu9C00	1gu9C00
1gwyA00	1gwyA00
1gwyA00	2ahnA00
1h54A03	1h54A03
1h5wB03	1h5wB03
1h8pA01	1h8pA01
1hbkA00	1hbkA00
1hbmA03	1hbmA03
1hi8A04	1hi8A04
1hkgA03	1hkgA03
1hn0A04	1hn0A04
1hq6B00	1hq6B00
1hqiA00	1hqiA00
1hqmD05	1hqmD05
1hqvA00	1hqvA00
1hzmA00	1hzmA00
1i1iP02	1i1iP02
1i2dA02	1i2dA02
1i6vA02	1i6vA02
1i71A00	1i71A00
1i72A00	1i72A00
1i7dA03	1i7dA03
1i7qA00	1i7qA00
1i94M02	1i94M02
1ireA00	1ireA00
1is8A01	1is8A01
1isuA00	1isuA00
1iweA02	1iweA02
1vioA01	1vioA01
1vkaB00	1vkaB00
1vkpB00	1vkpB00
1vl2D02	1vl2D02
1vnsA01	1vnsA01
1vq8200	1vq8200
1vq8L01	1vq8L01
1vq8M00	1vq8M00
1vq8W02	1vq8W02
1vq8X00	1vq8X00
1vr9A01	1vr9A01
1vr9A01	6n7eD01
1vw4G00	1vw4G00
1vw4L01	1vw4L01
1vwxI02	1vwxI02
1vwxS01	1vwxS01
1vwxm00	1vwxm00
1vx7K01	1vx7K01
1vx7a01	1vx7a01
1w36C04	1w36C04
1w5dA01	1w5dA01
1wpeA01	1wpeA01
1wpuA00	1wpuA00
1wqlA01	1wqlA01
1wxcB01	1wxcB01
1xdyG00	1xdyG00
1xf1A05	1xf1A05
1y1fX00	1y1fX00
1yagA04	1yagA04
1yf3A02	1yf3A02
1yk3B00	1yk3B00
1yp2D01	1yp2D01
1yq9A02	1yq9A02
1yy9A04	1yy9A04
1z8fA02	1z8fA02
1zlhB02	1zlhB02
1znvA00	1znvA00
1zruC01	1zruC01
1zu1A02	1zu1A02
2a0jA00	2a0jA00
2a3vA02	2a3vA02
2a6hC03	2a6hC03
2a6hC04	2a6hC04
2a74A06	2a74A06
2ae4A00	2ae4A00
2ahuA01	2ahuA01
2ahuA01	2b3yA05
2au3A03	2au3A03
2b2cA01	2b2cA01
2bb0A01	2bb0A01
2bidA00	2bidA00
2bw0A02	2bw0A02
2bx9A00	2bx9A00
2c12A01	2c12A01
2cjaA02	2cjaA02
2cjlA02	2cjlA02
2cx6A00	2cx6A00
2d1sA01	2d1sA01
2d2rA00	2d2rA00
2ddhA03	2ddhA03
2dhhA05	2dhhA05
2e0iD03	2e0iD03
2e45A01	2e45A01
2e9yB00	2e9yB00
2efkA01	2efkA01
2ej8B00	2ej8B00
2f5zK00	2f5zK00
2felA00	2felA00
2fi1A02	2fi1A02
2fp1B00	2fp1B00
2fy9A00	2fy9A00
2g2cA00	2g2cA00
2g2cA00	2ppwA00
2gagA02	2gagA02
2gttC01	2gttC01
2hdzA00	2hdzA00
2hf2B02	2hf2B02
2hg0A03	2hg0A03
2hoxA02	2hoxA02
2hr7B01	2hr7B01
2hw0A00	2hw0A00
2i0oA00	2i0oA00
2i9bG02	2i9bG02
2iaiA02	2iaiA02
2ig6A00	2ig6A00
2ii2A04	2ii2A04
2imfA00	2imfA00
2ipcA04	2ipcA04
2irvB00	2irvB00
2iujA02	2iujA02
2j63A00	2j63A00
2k6hA01	2k6hA01
2l3fA00	2l3fA00
2l4lA00	2l4lA00
2lenA00	2lenA00
1iwpG02	1iwpG02
1j2zA02	1j2zA02
1j33A01	1j33A01
1j3bA02	1j3bA02
1j4zA01	1j4zA01
1j5sA02	1j5sA02
1ja1A03	1ja1A03
1jb0A00	1jb0A00
1jeyA04	1jeyA04
1jf5A03	1jf5A03
1jg5A00	1jg5A00
1jj2A03	1jj2A03
1jqvA02	1jqvA02
1k8kA02	1k8kA02
1k90A02	1k90A02
1ka2A00	1ka2A00
1khbA01	1khbA01
1khcA02	1khcA02
1khdD02	1khdD02
1khdD02	1u14A00
1khdD02	3w4sA00
1khoA01	1khoA01
1kshB00	1kshB00
1l1yA03	1l1yA03
1l5xA00	1l5xA00
1l6hA00	1l6hA00
1li1C00	1li1C00
1lkfA00	1lkfA00
1lwuB02	1lwuB02
1m7vA02	1m7vA02
1maeL00	1maeL00
1mg7A02	1mg7A02
1mgrA00	1mgrA00
1mjtB01	1mjtB01
1mpxA02	1mpxA02
1mqsA03	1mqsA03
1n0uA03	1n0uA03
1na6A01	1na6A01
1nhlA00	1nhlA00
1nogA00	1nogA00
1nqzA00	1nqzA00
1nxuA01	1nxuA01
1of9A00	1of9A00
1ogoX02	1ogoX02
1ohgA02	1ohgA02
1ok8A02	1ok8A02
1os6A00	1os6A00
1p1eA00	1p1eA00
1p2eA02	1p2eA02
1p3hB00	1p3hB00
1p49A01	1p49A01
1p7gH02	1p7gH02
1p9bA01	1p9bA01
1pbwB00	1pbwB00
1pcpA01	1pcpA01
1ppjI00	1ppjI00
1prrA02	1prrA02
1q16A13	1q16A13
1qf8B02	1qf8B02
1qhdA02	1qhdA02
1qklA00	1qklA00
1qynD00	1qynD00
1qynD00	2c2iA00
1qynD00	6xrbA01
1r12A01	1r12A01
1r3eA01	1r3eA01
1r3eA01	1sq1A00
1r6zA03	1r6zA03
1r74B01	1r74B01
1rerA01	1rerA01
1rozB00	1rozB00
1rsgB02	1rsgB02
1rv0H01	1rv0H01
1rxxA02	1rxxA02
1sqgA01	1sqgA01
1sva400	1sva400
1t3dA01	1t3dA01
1t7pA02	1t7pA02
1t92A01	1t92A01
1tbpA01	1tbpA01
1te5A00	1te5A00
1tgrA00	1tgrA00
1ti2A03	1ti2A03
1ti8B00	1ti8B00
1tkeA02	1tkeA02
1tmxB00	1tmxB00
1u9tA01	1u9tA01
1ub1A00	1ub1A00
1ub2A01	1ub2A01
1ue0A00	1ue0A00
1ufvA02	1ufvA02
1uurA04	1uurA04
1uw0A01	1uw0A01
1v54I00	1v54I00
4qbnA00	4qbnA00
4qg3A01	4qg3A01
4qzvB02	4qzvB02
4tpuA02	4tpuA02
4trkA00	4trkA00
4u6rA03	4u6rA03
4udqA02	4udqA02
4uf0A03	4uf0A03
4ui7C00	4ui7C00
4uobA01	4uobA01
4uscA02	4uscA02
4v19F00	4v19F00
4v1ab01	4v1ab01
4wfoA03	4wfoA03
4wi0B02	4wi0B02
4wz8B02	4wz8B02
4x2cA00	4x2cA00
4xd7C03	4xd7C03
4xk8d00	4xk8d00
4y42A01	4y42A01
4z42A00	4z42A00
4z9cA00	4z9cA00
4z9eA00	4z9eA00
4zi6C01	4zi6C01
5a0zD00	5a0zD00
5a5gA03	5a5gA03
5aj3P00	5aj3P00
5az7A01	5az7A01
5b1aD00	5b1aD00
5b1aG00	5b1aG00
5b1aJ00	5b1aJ00
5b1aM00	5b1aM00
5b46A01	5b46A01
5b66B02	5b66B02
5b66O02	5b66O02
5c0uA00	5c0uA00
5dllA05	5dllA05
5dmsA02	5dmsA02
5dnoA00	5dnoA00
5do9A02	5do9A02
5douA01	5douA01
5ex0A01	5ex0A01
5ex0A01	2h21B01
5exeB01	5exeB01
5f28B00	5f28B00
5f3mA00	5f3mA00
5f3mA00	2o34A00
5f3mA00	3d2oA00
5f3mA00	3d7jA00
5fclE01	5fclE01
5fcyA00	5fcyA00
5fj8A06	5fj8A06
5fqdB01	5fqdB01
5fqdE02	5fqdE02
5g5gC03	5g5gC03
5gvyA00	5gvyA00
5hpsA01	5hpsA01
5hzzC00	5hzzC00
5i2cA01	5i2cA01
5i50B00	5i50B00
5iznA00	5iznA00
5jm6A02	5jm6A02
5kbpA01	5kbpA01
5kshB01	5kshB01
5m88A01	5m88A01
5mmiY00	5mmiY00
5o5jD01	5o5jD01
5o5jG01	5o5jG01
5omvA01	5omvA01
5oomT00	5oomT00
5t17A00	5t17A00
5tkyA04	5tkyA04
5u81A01	5u81A01
5ublA02	5ublA02
5ukgA01	5ukgA01
5vb9A01	5vb9A01
5wkrA02	5wkrA02
5x8tF00	5x8tF00
5y5sH02	5y5sH02
5ykjA02	5ykjA02
5yq8A00	5yq8A00
5z3gF02	5z3gF02
5z62K00	5z62K00
5z62L00	5z62L00
5zdkA01	5zdkA01
6aqjA02	6aqjA02
6at4A03	6at4A03
6cazA00	6cazA00
6dlyA03	6dlyA03
6dlyA03	1dmlA00
6duxB02	6duxB02
6dw1D00	6dw1D00
6ekzA00	6ekzA00
6escA05	6escA05
6ethA04	6ethA04
6fkfB03	6fkfB03
6gyyA00	6gyyA00
6gyzA03	6gyzA03
6hqfB03	6hqfB03
6jbzA00	6jbzA00
6jbzA00	1phzA00
6k0oA00	6k0oA00
6k93A00	6k93A00
6liuC02	6liuC02
6mihA02	6mihA02
6mjgA01	6mjgA01
6ms8C01	6ms8C01
6ng3A01	6ng3A01
6nirC02	6nirC02
6o3bH00	6o3bH00
6oqrR00	6oqrR00
6ospA01	6ospA01
6ozwA04	6ozwA04
6ppfZ00	6ppfZ00
6qb8Q02	6qb8Q02
6ra3A02	6ra3A02
6ruiB08	6ruiB08
6rwk001	6rwk001
6sj5A01	6sj5A01
6u0m601	6u0m601
6u5uG02	6u5uG02
6vvoC03	6vvoC03
6wl5A01	6wl5A01
6x6uA02	6x6uA02
6xj6A01	6xj6A01
6yttA03	6yttA03
6zxfP01	6zxfP01
7bjtA01	7bjtA01
7clgA01	7clgA01
7clgA01	6aefA01
7d27A01	7d27A01
7ddqb01	7ddqb01
7dpiB01	7dpiB01
7du3B01	7du3B01
7e1wB01	7e1wB01
7eg1A01	7eg1A01
7ekoO01	7ekoO01
7jv7B01	7jv7B01
7mc0A01	7mc0A01
7mqvC02	7mqvC02
7nnlB01	7nnlB01
7oodf01	7oodf01
7qssA01	7qssA01
7qydA01	7qydA01
7rdbV01	7rdbV01
7rh5M01	7rh5M01
7uwrA02	7uwrA02
7v3gA02	7v3gA02
7wdtA02	7wdtA02
7whgG02	7whgG02
7wzwF01	7wzwF01
7xfdA01	7xfdA01
7xffF01	7xffF01
7ylvg01	7ylvg01
8b6jb01	8b6jb01
8b6jb01	3b8oA01
8bebC02	8bebC02
8bveA02	8bveA02
8c4aA01	8c4aA01
8eefB01	8eefB01
8etcR01	8etcR01
8hmpR01	8hmpR01
9paiA02	9paiA02
3cslA01	3cslA01
3cv2A02	3cv2A02
3d2fA02	3d2fA02
3danA00	3danA00
3dclA03	3dclA03
3devA02	3devA02
3dmeA02	3dmeA02
3do6A02	3do6A02
3dvhA00	3dvhA00
3e2cA00	3e2cA00
3e48B02	3e48B02
3e4wA02	3e4wA02
3eckA03	3eckA03
3ezmA00	3ezmA00
3fdfA02	3fdfA02
3foeA01	3foeA01
3fq3A00	3fq3A00
3g0mA00	3g0mA00
3g36B00	3g36B00
3g4nA01	3g4nA01
3g5oA01	3g5oA01
3g8rA02	3g8rA02
3gb5A00	3gb5A00
3gitB03	3gitB03
3glkA03	3glkA03
3gqnA03	3gqnA03
3gxhA00	3gxhA00
3gxhA00	5yh1A01
3gxvB00	3gxvB00
3gyxA02	3gyxA02
3h0gE01	3h0gE01
3hhwK02	3hhwK02
3hmbB00	3hmbB00
3hrzB01	3hrzB01
3hzhB00	3hzhB00
3i5dA02	3i5dA02
3ia8A00	3ia8A00
3iefA02	3iefA02
3iqdB02	3iqdB02
3j7aW01	3j7aW01
3jamI03	3jamI03
3jamV00	3jamV00
3ju5A01	3ju5A01
3k6sD05	3k6sD05
3kcuD00	3kcuD00
3kgyA00	3kgyA00
3kiuy00	3kiuy00
3kn6A01	3kn6A01
3kusB01	3kusB01
3kypE01	3kypE01
3l0aA00	3l0aA00
3l20A00	3l20A00
3l4gB02	3l4gB02
3la4A03	3la4A03
3levA00	3levA00
3levA00	1sigA00
3lkmA02	3lkmA02
3lzkB00	3lzkB00
3m4rA01	3m4rA01
3md2A01	3md2A01
3mdoA02	3mdoA02
3memA01	3memA01
3mezD00	3mezD00
3n1sJ00	3n1sJ00
3n4jA00	3n4jA00
3n99I01	3n99I01
3nb0B03	3nb0B03
3ne5B03	3ne5B03
3nq0A00	3nq0A00
3o8jA01	3o8jA01
3oeeP02	3oeeP02
3oocA01	3oocA01
3osnA02	3osnA02
3otxA02	3otxA02
3oymA04	3oymA04
3p3gA02	3p3gA02
3pi7A01	3pi7A01
3pnxA00	3pnxA00
3pnxA00	1kicB00
3pnxA00	3dmeA01
3po8A00	3po8A00
3pvjB00	3pvjB00
3pvuA02	3pvuA02
3qaeA01	3qaeA01
3qsvC00	3qsvC00
3qy2A00	3qy2A00
3rbjB00	3rbjB00
3rf7A02	3rf7A02
3rgzA01	3rgzA01
3rmxA02	3rmxA02
3rv1B02	3rv1B02
3s6lD00	3s6lD00
3smtA02	3smtA02
3snpA02	3snpA02
3sqgA01	3sqgA01
3srtA00	3srtA00
3stoA01	3stoA01
2m7fA00	2m7fA00
2m9wA00	2m9wA00
2n1hA00	2n1hA00
2n80A00	2n80A00
2nqlA02	2nqlA02
2nrjA01	2nrjA01
2nrjA01	2p7nA00
2nrjA01	1yc9A01
2nrjA01	8iprA01
2nrjA01	3pwxA01
2nrjA01	6fzgA00
2nvuC01	2nvuC01
2o01200	2o01200
2o5cB02	2o5cB02
2ob5A00	2ob5A00
2obsA01	2obsA01
2odyA00	2odyA00
2osoA00	2osoA00
2osoA00	4u99B00
2owmA00	2owmA00
2oy7A02	2oy7A02
2pbiA03	2pbiA03
2pggA01	2pggA01
2pidA02	2pidA02
2pmzB06	2pmzB06
2pn1A03	2pn1A03
2pplA02	2pplA02
2ptrA01	2ptrA01
2q2eB01	2q2eB01
2q37A00	2q37A00
2q74A01	2q74A01
2q83A02	2q83A02
2qbuA02	2qbuA02
2qcyA03	2qcyA03
2qh9A00	2qh9A00
2qh9A00	8p4iG01
2qkwB02	2qkwB02
2qm4A01	2qm4A01
2qtsA02	2qtsA02
2qtsA03	2qtsA03
2r0dA02	2r0dA02
2rcyA02	2rcyA02
2ruhA00	2ruhA00
2sliA03	2sliA03
2uubR00	2uubR00
2ve5C02	2ve5C02
2vfbA01	2vfbA01
2vfrA05	2vfrA05
2vhjA02	2vhjA02
2vhjA02	4aygB01
2vlqB00	2vlqB00
2vq8A00	2vq8A00
2vqeN00	2vqeN00
2vqxA01	2vqxA01
2wdcA03	2wdcA03
2wdqD00	2wdqD00
2we2A01	2we2A01
2we2A01	1ruyH02
2we2A01	5tipA01
2wg7A00	2wg7A00
2wscL00	2wscL00
2wtgA00	2wtgA00
2wu8A03	2wu8A03
2wvfA01	2wvfA01
2wvxA02	2wvxA02
2ww3A04	2ww3A04
2wzkA01	2wzkA01
2x1lB02	2x1lB02
2x27X00	2x27X00
2x27X00	4epaA00
2x27X00	2qlkA00
2x27X00	4jmdA00
2x9jA00	2x9jA00
2xi1B00	2xi1B00
2xzmC02	2xzmC02
2y4zA00	2y4zA00
2y69F00	2y69F00
2yimA02	2yimA02
2yu1A02	2yu1A02
2yvtA00	2yvtA00
2yxxA01	2yxxA01
2yzyA00	2yzyA00
2zgiD02	2zgiD02
2zkgC00	2zkgC00
3a3jA02	3a3jA02
3aahB00	3aahB00
3af5A02	3af5A02
3al9A02	3al9A02
3aqlA02	3aqlA02
3ayfA01	3ayfA01
3b0nA03	3b0nA03
3b0zB00	3b0zB00
3b7nA02	3b7nA02
3b7sA02	3b7sA02
3bczA00	3bczA00
3bjdA02	3bjdA02
3bkrA00	3bkrA00
3bv6A00	3bv6A00
3bwgA02	3bwgA02
3c0tA00	3c0tA00
3c0tA00	2bvfA03
3c0tA00	1ulvA01
3c0tA00	4gf3A00
3c0tA00	5e4bA00
3c5gB04	3c5gB04
3c7vB01	3c7vB01
3cbuA02	3cbuA02
3cjsC00	3cjsC00
3thxB03	3thxB03
3tufB00	3tufB00
3tw6C02	3tw6C02
3u13A02	3u13A02
3u3lC00	3u3lC00
3u5eB01	3u5eB01
3u5nA02	3u5nA02
3ucsA00	3ucsA00
3uehA00	3uehA00
3v69B00	3v69B00
3v6zE00	3v6zE00
3va7A04	3va7A04
3vbbE01	3vbbE01
3vf2A03	3vf2A03
3vqjA00	3vqjA00
3w9iA04	3w9iA04
3winD00	3winD00
3zd7A03	3zd7A03
3zgzD01	3zgzD01
3zuxA00	3zuxA00
3zuxA00	2wocA00
3zzmA02	3zzmA02
4a17J00	4a17J00
4a18L02	4a18L02
4a5hA00	4a5hA00
4akvB01	4akvB01
4asiF03	4asiF03
4at7B01	4at7B01
4aybB05	4aybB05
4b21A02	4b21A02
4b28A01	4b28A01
4b28A02	4b28A02
4b2jA00	4b2jA00
4b56B03	4b56B03
4b8nB00	4b8nB00
4b8vA03	4b8vA03
4b9kE00	4b9kE00
4bg7A00	4bg7A00
4bn4A02	4bn4A02
4bouA00	4bouA00
4bpuC00	4bpuC00
4c4aA04	4c4aA04
4c9bB00	4c9bB00
4cgxA00	4cgxA00
4cq7A00	4cq7A00
4do3A00	4do3A00
4dveA00	4dveA00
4dveA00	3hd6A00
4dveA00	1kplA00
4dveA00	2nwlC00
4dveA00	2zxeA02
4dveA00	3nf2A00
4dwaB00	4dwaB00
4e5sA02	4e5sA02
4e6yA03	4e6yA03
4efiA00	4efiA00
4ekfA00	4ekfA00
4ensA02	4ensA02
4ersA00	4ersA00
4f4oC01	4f4oC01
4fajA01	4fajA01
4fajA02	4fajA02
4fb9A02	4fb9A02
4fccA01	4fccA01
4fmrA02	4fmrA02
4fsxA03	4fsxA03
4fvmA05	4fvmA05
4g3hC00	4g3hC00
4ga4A01	4ga4A01
4gaaA03	4gaaA03
4gqaB02	4gqaB02
4griA03	4griA03
4gwmB03	4gwmB03
4gywA04	4gywA04
4h7wA00	4h7wA00
4h7wA00	2ilxA00
4hehA01	4hehA01
4hz9A00	4hz9A00
4i5sA01	4i5sA01
4iljA01	4iljA01
4jcsA02	4jcsA02
4jerA00	4jerA00
4jgwA01	4jgwA01
4k71A06	4k71A06
4k7rA02	4k7rA02
4k84A00	4k84A00
4k8wA00	4k8wA00
4kcfA02	4kcfA02
4kvkA00	4kvkA00
4l1jB00	4l1jB00
4l8kA01	4l8kA01
4l9mA02	4l9mA02
4lcdA03	4lcdA03
4lkbE00	4lkbE00
4lkbE00	2nooA02
4mb7A01	4mb7A01
4n3pB01	4n3pB01
4nbiB00	4nbiB00
4nqwA01	4nqwA01
4nzcA02	4nzcA02
4o95A01	4o95A01
4ppfA02	4ppfA02
4q5wA02	4q5wA02
